index,name,default
0,Beats Per Minute,0.3571428656578064
1,Chorus Filter Cutoff,0.40625
2,Chorus Delay 1,0.22956103086471558
3,Chorus Delay 2,0.6886830925941467
4,Chorus Mix,0.5
5,Chorus Feedback,0.7105263471603394
6,Chorus Frequency,0.3333333432674408
7,Chorus Mod Depth,0.5
8,Chorus Switch,0.0
9,Chorus Sync,0.3333333432674408
10,Chorus Tempo,0.4000000059604645
11,Compressor Attack,0.5
12,Compressor Band Gain,0.6949999928474426
13,Band Lower Ratio,0.8999999761581421
14,Band Lower Threshold,0.550000011920929
15,Band Upper Ratio,0.8569999933242798
16,Band Upper Threshold,0.6875
17,Compressor Enabled Bands,0.0
18,Compressor High Gain,0.7716666460037231
19,High Lower Ratio,0.8999999761581421
20,High Lower Threshold,0.5625
21,High Upper Ratio,1.0
22,High Upper Threshold,0.625
23,Compressor Low Gain,0.7716666460037231
24,Low Lower Ratio,0.8999999761581421
25,Low Lower Threshold,0.5625
26,Low Upper Ratio,0.8999999761581421
27,Low Upper Threshold,0.6499999761581421
28,Compressor Switch,0.0
29,Compressor Release,0.5
30,Delay Mix,0.33340001106262207
31,Delay Feedback,0.75
32,Delay Filter Cutoff,0.40625
33,Delay Filter Spread,1.0
34,Delay Frequency,0.3636363744735718
35,Delay Switch,0.0
36,Delay Style,0.0
37,Delay Sync,0.3333333432674408
38,Delay Tempo,0.625
39,Distortion Drive,0.5
40,Distortion Filter Blend,0.0
41,Distortion Filter Cutoff,0.5625
42,Distortion Filter Order,0.0
43,Distortion Filter Resonance,0.5
44,Distortion Mix,1.0
45,Distortion Switch,0.0
46,Distortion Type,0.0
47,Effect Chain Order,0.0
48,Envelope 1 Attack,0.06285685300827026
49,Envelope 1 Attack Power,0.5
50,Envelope 1 Decay,0.4204471707344055
51,Envelope 1 Decay Power,0.44999998807907104
52,Envelope 1 Release,0.23023685812950134
53,Envelope 1 Release Power,0.44999998807907104
54,Envelope 1 Sustain,1.0
55,Envelope 2 Attack,0.06285685300827026
56,Envelope 2 Attack Power,0.5
57,Envelope 2 Decay,0.4204471707344055
58,Envelope 2 Decay Power,0.44999998807907104
59,Envelope 2 Release,0.23023685812950134
60,Envelope 2 Release Power,0.44999998807907104
61,Envelope 2 Sustain,1.0
62,Envelope 3 Attack,0.06285685300827026
63,Envelope 3 Attack Power,0.5
64,Envelope 3 Decay,0.4204471707344055
65,Envelope 3 Decay Power,0.44999998807907104
66,Envelope 3 Release,0.23023685812950134
67,Envelope 3 Release Power,0.44999998807907104
68,Envelope 3 Sustain,1.0
69,Envelope 4 Attack,0.06285685300827026
70,Envelope 4 Attack Power,0.5
71,Envelope 4 Decay,0.4204471707344055
72,Envelope 4 Decay Power,0.44999998807907104
73,Envelope 4 Release,0.23023685812950134
74,Envelope 4 Release Power,0.44999998807907104
75,Envelope 4 Sustain,1.0
76,Envelope 5 Attack,0.06285685300827026
77,Envelope 5 Attack Power,0.5
78,Envelope 5 Decay,0.4204471707344055
79,Envelope 5 Decay Power,0.44999998807907104
80,Envelope 5 Release,0.23023685812950134
81,Envelope 5 Release Power,0.44999998807907104
82,Envelope 5 Sustain,1.0
83,Envelope 6 Attack,0.06285685300827026
84,Envelope 6 Attack Power,0.5
85,Envelope 6 Decay,0.4204471707344055
86,Envelope 6 Decay Power,0.44999998807907104
87,Envelope 6 Release,0.23023685812950134
88,Envelope 6 Release Power,0.44999998807907104
89,Envelope 6 Sustain,1.0
90,EQ Band Cutoff,0.5625
91,EQ Band Gain,0.5
92,EQ Band Resonance,0.447299987077713
93,EQ High Cutoff,0.71875
94,EQ High Gain,0.5
95,EQ High Mode,0.0
96,EQ High Resonance,0.31630000472068787
97,EQ Low Cutoff,0.25
98,EQ Low Gain,0.5
99,EQ Low Mode,0.0
100,EQ Low Resonance,0.31630000472068787
101,EQ Switch,0.0
102,Filter 1 Blend,0.0
103,Filter 1 Comb Blend Offset,0.5
104,Filter 1 Cutoff,0.40625
105,Filter 1 Drive,0.0
106,Filter 1 FILTER Input,0.0
107,Filter 1 Formant Resonance,0.785714328289032
108,Filter 1 Formant Transpose,0.5
109,Filter 1 Formant X,0.5
110,Filter 1 Formant Y,0.5
111,Filter 1 Key Track,0.5
112,Filter 1 Mix,1.0
113,Filter 1 Model,0.0
114,Filter 1 Switch,0.0
115,Filter 1 Resonance,0.5
116,Filter 1 Style,0.0
117,Filter 2 Blend,0.0
118,Filter 2 Comb Blend Offset,0.5
119,Filter 2 Cutoff,0.40625
120,Filter 2 Drive,0.0
121,Filter 2 FILTER Input,0.0
122,Filter 2 Formant Resonance,0.785714328289032
123,Filter 2 Formant Transpose,0.5
124,Filter 2 Formant X,0.5
125,Filter 2 Formant Y,0.5
126,Filter 2 Key Track,0.5
127,Filter 2 Mix,1.0
128,Filter 2 Model,0.0
129,Filter 2 Switch,0.0
130,Filter 2 Resonance,0.5
131,Filter 2 Style,0.0
132,Filter fx Blend,0.0
133,Filter fx Comb Blend Offset,0.5
134,Filter fx Cutoff,0.40625
135,Filter fx Drive,0.0
136,Filter fx Formant Resonance,0.785714328289032
137,Filter fx Formant Transpose,0.5
138,Filter fx Formant X,0.5
139,Filter fx Formant Y,0.5
140,Filter fx Key Track,0.5
141,Filter fx Mix,1.0
142,Filter fx Model,0.0
143,Filter fx Switch,0.0
144,Filter fx Resonance,0.5
145,Filter fx Style,0.0
146,Flanger Mix,1.0
147,Flanger Feedback,0.75
148,Flanger Frequency,1.0
149,Flanger Mod Depth,0.5
150,Flanger Switch,0.0
151,Flanger Phase Offset,0.3333333432674408
152,Flanger Sync,0.3333333432674408
153,Flanger Tempo,0.4000000059604645
154,Legato,0.0
155,LFO 1 Delay,0.0
156,LFO 1 Fade In,0.0
157,LFO 1 Frequency,0.5
158,LFO 1 Phase,0.0
159,LFO 1 Sync,0.25
160,LFO 1 Sync Type,0.0
161,LFO 1 Tempo,0.5833333134651184
162,LFO 2 Delay,0.0
163,LFO 2 Fade In,0.0
164,LFO 2 Frequency,0.5
165,LFO 2 Phase,0.0
166,LFO 2 Sync,0.25
167,LFO 2 Sync Type,0.0
168,LFO 2 Tempo,0.5833333134651184
169,LFO 3 Delay,0.0
170,LFO 3 Fade In,0.0
171,LFO 3 Frequency,0.5
172,LFO 3 Phase,0.0
173,LFO 3 Sync,0.25
174,LFO 3 Sync Type,0.0
175,LFO 3 Tempo,0.5833333134651184
176,LFO 4 Delay,0.0
177,LFO 4 Fade In,0.0
178,LFO 4 Frequency,0.5
179,LFO 4 Phase,0.0
180,LFO 4 Sync,0.25
181,LFO 4 Sync Type,0.0
182,LFO 4 Tempo,0.5833333134651184
183,LFO 5 Delay,0.0
184,LFO 5 Fade In,0.0
185,LFO 5 Frequency,0.5
186,LFO 5 Phase,0.0
187,LFO 5 Sync,0.25
188,LFO 5 Sync Type,0.0
189,LFO 5 Tempo,0.5833333134651184
190,LFO 6 Delay,0.0
191,LFO 6 Fade In,0.0
192,LFO 6 Frequency,0.5
193,LFO 6 Phase,0.0
194,LFO 6 Sync,0.25
195,LFO 6 Sync Type,0.0
196,LFO 6 Tempo,0.5833333134651184
197,LFO 7 Delay,0.0
198,LFO 7 Fade In,0.0
199,LFO 7 Frequency,0.5
200,LFO 7 Phase,0.0
201,LFO 7 Sync,0.25
202,LFO 7 Sync Type,0.0
203,LFO 7 Tempo,0.5833333134651184
204,LFO 8 Delay,0.0
205,LFO 8 Fade In,0.0
206,LFO 8 Frequency,0.5
207,LFO 8 Phase,0.0
208,LFO 8 Sync,0.25
209,LFO 8 Sync Type,0.0
210,LFO 8 Tempo,0.5833333134651184
211,Macro 1,0.0
212,Macro 2,0.0
213,Macro 3,0.0
214,Macro 4,0.0
215,Modulation 10 Amount,0.5
216,Modulation 10 Bipolar,0.0
217,Modulation 10 Bypass,0.0
218,Modulation 10 Power,0.5
219,Modulation 10 Stereo,0.0
220,Modulation 11 Amount,0.5
221,Modulation 11 Bipolar,0.0
222,Modulation 11 Bypass,0.0
223,Modulation 11 Power,0.5
224,Modulation 11 Stereo,0.0
225,Modulation 12 Amount,0.5
226,Modulation 12 Bipolar,0.0
227,Modulation 12 Bypass,0.0
228,Modulation 12 Power,0.5
229,Modulation 12 Stereo,0.0
230,Modulation 13 Amount,0.5
231,Modulation 13 Bipolar,0.0
232,Modulation 13 Bypass,0.0
233,Modulation 13 Power,0.5
234,Modulation 13 Stereo,0.0
235,Modulation 14 Amount,0.5
236,Modulation 14 Bipolar,0.0
237,Modulation 14 Bypass,0.0
238,Modulation 14 Power,0.5
239,Modulation 14 Stereo,0.0
240,Modulation 15 Amount,0.5
241,Modulation 15 Bipolar,0.0
242,Modulation 15 Bypass,0.0
243,Modulation 15 Power,0.5
244,Modulation 15 Stereo,0.0
245,Modulation 16 Amount,0.5
246,Modulation 16 Bipolar,0.0
247,Modulation 16 Bypass,0.0
248,Modulation 16 Power,0.5
249,Modulation 16 Stereo,0.0
250,Modulation 17 Amount,0.5
251,Modulation 17 Bipolar,0.0
252,Modulation 17 Bypass,0.0
253,Modulation 17 Power,0.5
254,Modulation 17 Stereo,0.0
255,Modulation 18 Amount,0.5
256,Modulation 18 Bipolar,0.0
257,Modulation 18 Bypass,0.0
258,Modulation 18 Power,0.5
259,Modulation 18 Stereo,0.0
260,Modulation 19 Amount,0.5
261,Modulation 19 Bipolar,0.0
262,Modulation 19 Bypass,0.0
263,Modulation 19 Power,0.5
264,Modulation 19 Stereo,0.0
265,Modulation 1 Amount,0.5
266,Modulation 1 Bipolar,0.0
267,Modulation 1 Bypass,0.0
268,Modulation 1 Power,0.5
269,Modulation 1 Stereo,0.0
270,Modulation 20 Amount,0.5
271,Modulation 20 Bipolar,0.0
272,Modulation 20 Bypass,0.0
273,Modulation 20 Power,0.5
274,Modulation 20 Stereo,0.0
275,Modulation 21 Amount,0.5
276,Modulation 21 Bipolar,0.0
277,Modulation 21 Bypass,0.0
278,Modulation 21 Power,0.5
279,Modulation 21 Stereo,0.0
280,Modulation 22 Amount,0.5
281,Modulation 22 Bipolar,0.0
282,Modulation 22 Bypass,0.0
283,Modulation 22 Power,0.5
284,Modulation 22 Stereo,0.0
285,Modulation 23 Amount,0.5
286,Modulation 23 Bipolar,0.0
287,Modulation 23 Bypass,0.0
288,Modulation 23 Power,0.5
289,Modulation 23 Stereo,0.0
290,Modulation 24 Amount,0.5
291,Modulation 24 Bipolar,0.0
292,Modulation 24 Bypass,0.0
293,Modulation 24 Power,0.5
294,Modulation 24 Stereo,0.0
295,Modulation 25 Amount,0.5
296,Modulation 25 Bipolar,0.0
297,Modulation 25 Bypass,0.0
298,Modulation 25 Power,0.5
299,Modulation 25 Stereo,0.0
300,Modulation 26 Amount,0.5
301,Modulation 26 Bipolar,0.0
302,Modulation 26 Bypass,0.0
303,Modulation 26 Power,0.5
304,Modulation 26 Stereo,0.0
305,Modulation 27 Amount,0.5
306,Modulation 27 Bipolar,0.0
307,Modulation 27 Bypass,0.0
308,Modulation 27 Power,0.5
309,Modulation 27 Stereo,0.0
310,Modulation 28 Amount,0.5
311,Modulation 28 Bipolar,0.0
312,Modulation 28 Bypass,0.0
313,Modulation 28 Power,0.5
314,Modulation 28 Stereo,0.0
315,Modulation 29 Amount,0.5
316,Modulation 29 Bipolar,0.0
317,Modulation 29 Bypass,0.0
318,Modulation 29 Power,0.5
319,Modulation 29 Stereo,0.0
320,Modulation 2 Amount,0.5
321,Modulation 2 Bipolar,0.0
322,Modulation 2 Bypass,0.0
323,Modulation 2 Power,0.5
324,Modulation 2 Stereo,0.0
325,Modulation 30 Amount,0.5
326,Modulation 30 Bipolar,0.0
327,Modulation 30 Bypass,0.0
328,Modulation 30 Power,0.5
329,Modulation 30 Stereo,0.0
330,Modulation 31 Amount,0.5
331,Modulation 31 Bipolar,0.0
332,Modulation 31 Bypass,0.0
333,Modulation 31 Power,0.5
334,Modulation 31 Stereo,0.0
335,Modulation 32 Amount,0.5
336,Modulation 32 Bipolar,0.0
337,Modulation 32 Bypass,0.0
338,Modulation 32 Power,0.5
339,Modulation 32 Stereo,0.0
340,Modulation 3 Amount,0.5
341,Modulation 3 Bipolar,0.0
342,Modulation 3 Bypass,0.0
343,Modulation 3 Power,0.5
344,Modulation 3 Stereo,0.0
345,Modulation 4 Amount,0.5
346,Modulation 4 Bipolar,0.0
347,Modulation 4 Bypass,0.0
348,Modulation 4 Power,0.5
349,Modulation 4 Stereo,0.0
350,Modulation 5 Amount,0.5
351,Modulation 5 Bipolar,0.0
352,Modulation 5 Bypass,0.0
353,Modulation 5 Power,0.5
354,Modulation 5 Stereo,0.0
355,Modulation 6 Amount,0.5
356,Modulation 6 Bipolar,0.0
357,Modulation 6 Bypass,0.0
358,Modulation 6 Power,0.5
359,Modulation 6 Stereo,0.0
360,Modulation 7 Amount,0.5
361,Modulation 7 Bipolar,0.0
362,Modulation 7 Bypass,0.0
363,Modulation 7 Power,0.5
364,Modulation 7 Stereo,0.0
365,Modulation 8 Amount,0.5
366,Modulation 8 Bipolar,0.0
367,Modulation 8 Bypass,0.0
368,Modulation 8 Power,0.5
369,Modulation 8 Stereo,0.0
370,Modulation 9 Amount,0.5
371,Modulation 9 Bipolar,0.0
372,Modulation 9 Bypass,0.0
373,Modulation 9 Power,0.5
374,Modulation 9 Stereo,0.0
375,Oscillator 1 Detune Power,0.6499999761581421
376,Oscillator 1 Detune Range,0.0416666679084301
377,Oscillator 1 Distortion Amount,0.5
378,Oscillator 1 Distortion Phase,0.5
379,Oscillator 1 Distortion Spread,0.5
380,Oscillator 1 Distortion Type,0.0
381,Oscillator 1 Unison Frame Spread,0.5
382,Oscillator 1 Level,0.7071067690849304
383,Oscillator 1 Midi Track,1.0
384,Oscillator 1 Switch,1.0
385,Oscillator 1 Pan,0.5
386,Oscillator 1 Phase,0.5
387,Oscillator 1 Phase Randomization,1.0
388,Oscillator 1 Smooth Interpolation,0.0
389,Oscillator 1 Stack Style,0.0
390,Oscillator 1 Stereo Spread,1.0
391,Oscillator 1 Transpose,0.5
392,Oscillator 1 Transpose Quantize,0.0
393,Oscillator 1 Tune,0.5
394,Oscillator 1 Blend,0.800000011920929
395,Oscillator 1 Unison Detune,0.4472135901451111
396,Oscillator 1 Unison Voices,0.0
397,Oscillator 1 Wave Frame,0.0
398,Oscillator 2 Detune Power,0.6499999761581421
399,Oscillator 2 Detune Range,0.0416666679084301
400,Oscillator 2 Distortion Amount,0.5
401,Oscillator 2 Distortion Phase,0.5
402,Oscillator 2 Distortion Spread,0.5
403,Oscillator 2 Distortion Type,0.0
404,Oscillator 2 Unison Frame Spread,0.5
405,Oscillator 2 Level,0.7071067690849304
406,Oscillator 2 Midi Track,1.0
407,Oscillator 2 Switch,0.0
408,Oscillator 2 Pan,0.5
409,Oscillator 2 Phase,0.5
410,Oscillator 2 Phase Randomization,1.0
411,Oscillator 2 Smooth Interpolation,0.0
412,Oscillator 2 Stack Style,0.0
413,Oscillator 2 Stereo Spread,1.0
414,Oscillator 2 Transpose,0.5
415,Oscillator 2 Transpose Quantize,0.0
416,Oscillator 2 Tune,0.5
417,Oscillator 2 Blend,0.800000011920929
418,Oscillator 2 Unison Detune,0.4472135901451111
419,Oscillator 2 Unison Voices,0.0
420,Oscillator 2 Wave Frame,0.0
421,Oversampling,0.3333333432674408
422,Phaser Center,0.5625
423,Phaser Mix,1.0
424,Phaser Feedback,0.5
425,Phaser Frequency,0.2857142984867096
426,Phaser Mod Depth,0.5
427,Phaser Switch,0.0
428,Phaser Phase Offset,0.3333333432674408
429,Phaser Sync,0.3333333432674408
430,Phaser Tempo,0.30000001192092896
431,Pitch Bend Range,0.0416666679084301
432,Polyphony,0.22580644488334656
433,Portamento Force,0.0
434,Portamento Scale,0.0
435,Portamento Slope,0.5
436,Portamento Time,0.0
437,Reverb Chorus Amount,0.22360700368881226
438,Reverb Chorus Frequency,0.5454545617103577
439,Reverb Decay Time,0.5
440,Reverb Mix,0.25
441,Reverb High Cutoff,0.703125
442,Reverb High Gain,0.8333333134651184
443,Reverb Low Cutoff,0.0
444,Reverb Low Gain,1.0
445,Reverb Switch,0.0
446,Reverb Pre High Cutoff,0.859375
447,Reverb Pre Low Cutoff,0.0
448,Sample Keytrack,0.0
449,Sample Level,0.7071067690849304
450,Sample Loop,1.0
451,Sample Switch,0.0
452,Sample Pan,0.5
453,Sample Random Phase,0.0
454,Sample Transpose,0.5
455,Sample Transpose Quantize,0.0
456,Sample Tune,0.5
457,Stereo Routing,1.0
458,Velocity Track,0.5
459,Voice Amplitude,1.0
460,Voice Priority,1.0
461,Voice Tune,0.5
462,Volume,0.7396560311317444
463,Mod Wheel,0.0
464,Pitch Wheel,0.5
465,Random LFO 1 Frequency,0.5
466,Random LFO 1 Stereo,0.0
467,Random LFO 1 Style,0.0
468,Random LFO 1 Sync,0.25
469,Random LFO 1 Tempo,0.6666666865348816
470,Random LFO 2 Frequency,0.5
471,Random LFO 2 Stereo,0.0
472,Random LFO 2 Style,0.0
473,Random LFO 2 Sync,0.25
474,Random LFO 2 Tempo,0.6666666865348816
475,Random LFO 3 Frequency,0.5
476,Random LFO 3 Stereo,0.0
477,Random LFO 3 Style,0.0
478,Random LFO 3 Sync,0.25
479,Random LFO 3 Tempo,0.6666666865348816
480,Random LFO 4 Frequency,0.5
481,Random LFO 4 Stereo,0.0
482,Random LFO 4 Style,0.0
483,Random LFO 4 Sync,0.25
484,Random LFO 4 Tempo,0.6666666865348816
485,Oscillator 1 View 2D,0.5
486,Oscillator 2 View 2D,0.5
487,LFO 1 Stereo,0.5
488,LFO 2 Stereo,0.5
489,LFO 3 Stereo,0.5
490,LFO 4 Stereo,0.5
491,LFO 5 Stereo,0.5
492,LFO 6 Stereo,0.5
493,LFO 7 Stereo,0.5
494,LFO 8 Stereo,0.5
495,Oscillator 1 Frequency Morph Amount,0.5
496,Oscillator 1 Frequency Morph Spread,0.5
497,Oscillator 1 Frequency Morph Type,0.0
498,Oscillator 2 Frequency Morph Amount,0.5
499,Oscillator 2 Frequency Morph Spread,0.5
500,Oscillator 2 Frequency Morph Type,0.0
501,Oscillator 1 Destination,0.0
502,Oscillator 1 Spectral Unison,1.0
503,Oscillator 2 Destination,0.0714285746216774
504,Oscillator 2 Spectral Unison,1.0
505,Oscillator 3 Destination,0.2142857164144516
506,Oscillator 3 Detune Power,0.6499999761581421
507,Oscillator 3 Detune Range,0.0416666679084301
508,Oscillator 3 Distortion Amount,0.5
509,Oscillator 3 Distortion Phase,0.5
510,Oscillator 3 Distortion Spread,0.5
511,Oscillator 3 Distortion Type,0.0
512,Oscillator 3 Unison Frame Spread,0.5
513,Oscillator 3 Level,0.7071067690849304
514,Oscillator 3 Midi Track,1.0
515,Oscillator 3 Switch,0.0
516,Oscillator 3 Pan,0.5
517,Oscillator 3 Phase,0.5
518,Oscillator 3 Phase Randomization,1.0
519,Oscillator 3 Smooth Interpolation,0.0
520,Oscillator 3 Frequency Morph Amount,0.5
521,Oscillator 3 Frequency Morph Spread,0.5
522,Oscillator 3 Frequency Morph Type,0.0
523,Oscillator 3 Spectral Unison,1.0
524,Oscillator 3 Stack Style,0.0
525,Oscillator 3 Stereo Spread,1.0
526,Oscillator 3 Transpose,0.5
527,Oscillator 3 Transpose Quantize,0.0
528,Oscillator 3 Tune,0.5
529,Oscillator 3 Blend,0.800000011920929
530,Oscillator 3 Unison Detune,0.4472135901451111
531,Oscillator 3 Unison Voices,0.0
532,Oscillator 3 View 2D,0.5
533,Oscillator 3 Wave Frame,0.0
534,Sample Destination,0.2142857164144516
535,MPE Enabled,0.0
536,Envelope 1 Delay,0.0
537,Envelope 2 Delay,0.0
538,Envelope 3 Delay,0.0
539,Envelope 4 Delay,0.0
540,Envelope 5 Delay,0.0
541,Envelope 6 Delay,0.0
542,Envelope 1 Hold,0.0
543,Envelope 2 Hold,0.0
544,Envelope 3 Hold,0.0
545,Envelope 4 Hold,0.0
546,Envelope 5 Hold,0.0
547,Envelope 6 Hold,0.0
548,Flanger Center,0.4375
549,EQ Band Mode,0.0
550,Reverb Size,0.5
551,Delay Frequency 2,0.3636363744735718
552,Delay Sync 2,0.3333333432674408
553,Delay Tempo 2,0.625
554,Chorus Voices,1.0
555,Phaser Blend,0.5
556,Random LFO 1 Sync Type,0.0
557,Random LFO 2 Sync Type,0.0
558,Random LFO 3 Sync Type,0.0
559,Random LFO 4 Sync Type,0.0
560,Modulation 33 Amount,0.5
561,Modulation 33 Bipolar,0.0
562,Modulation 33 Bypass,0.0
563,Modulation 33 Power,0.5
564,Modulation 33 Stereo,0.0
565,Modulation 34 Amount,0.5
566,Modulation 34 Bipolar,0.0
567,Modulation 34 Bypass,0.0
568,Modulation 34 Power,0.5
569,Modulation 34 Stereo,0.0
570,Modulation 35 Amount,0.5
571,Modulation 35 Bipolar,0.0
572,Modulation 35 Bypass,0.0
573,Modulation 35 Power,0.5
574,Modulation 35 Stereo,0.0
575,Modulation 36 Amount,0.5
576,Modulation 36 Bipolar,0.0
577,Modulation 36 Bypass,0.0
578,Modulation 36 Power,0.5
579,Modulation 36 Stereo,0.0
580,Modulation 37 Amount,0.5
581,Modulation 37 Bipolar,0.0
582,Modulation 37 Bypass,0.0
583,Modulation 37 Power,0.5
584,Modulation 37 Stereo,0.0
585,Modulation 38 Amount,0.5
586,Modulation 38 Bipolar,0.0
587,Modulation 38 Bypass,0.0
588,Modulation 38 Power,0.5
589,Modulation 38 Stereo,0.0
590,Modulation 39 Amount,0.5
591,Modulation 39 Bipolar,0.0
592,Modulation 39 Bypass,0.0
593,Modulation 39 Power,0.5
594,Modulation 39 Stereo,0.0
595,Modulation 40 Amount,0.5
596,Modulation 40 Bipolar,0.0
597,Modulation 40 Bypass,0.0
598,Modulation 40 Power,0.5
599,Modulation 40 Stereo,0.0
600,Modulation 41 Amount,0.5
601,Modulation 41 Bipolar,0.0
602,Modulation 41 Bypass,0.0
603,Modulation 41 Power,0.5
604,Modulation 41 Stereo,0.0
605,Modulation 42 Amount,0.5
606,Modulation 42 Bipolar,0.0
607,Modulation 42 Bypass,0.0
608,Modulation 42 Power,0.5
609,Modulation 42 Stereo,0.0
610,Modulation 43 Amount,0.5
611,Modulation 43 Bipolar,0.0
612,Modulation 43 Bypass,0.0
613,Modulation 43 Power,0.5
614,Modulation 43 Stereo,0.0
615,Modulation 44 Amount,0.5
616,Modulation 44 Bipolar,0.0
617,Modulation 44 Bypass,0.0
618,Modulation 44 Power,0.5
619,Modulation 44 Stereo,0.0
620,Modulation 45 Amount,0.5
621,Modulation 45 Bipolar,0.0
622,Modulation 45 Bypass,0.0
623,Modulation 45 Power,0.5
624,Modulation 45 Stereo,0.0
625,Modulation 46 Amount,0.5
626,Modulation 46 Bipolar,0.0
627,Modulation 46 Bypass,0.0
628,Modulation 46 Power,0.5
629,Modulation 46 Stereo,0.0
630,Modulation 47 Amount,0.5
631,Modulation 47 Bipolar,0.0
632,Modulation 47 Bypass,0.0
633,Modulation 47 Power,0.5
634,Modulation 47 Stereo,0.0
635,Modulation 48 Amount,0.5
636,Modulation 48 Bipolar,0.0
637,Modulation 48 Bypass,0.0
638,Modulation 48 Power,0.5
639,Modulation 48 Stereo,0.0
640,Modulation 49 Amount,0.5
641,Modulation 49 Bipolar,0.0
642,Modulation 49 Bypass,0.0
643,Modulation 49 Power,0.5
644,Modulation 49 Stereo,0.0
645,Modulation 50 Amount,0.5
646,Modulation 50 Bipolar,0.0
647,Modulation 50 Bypass,0.0
648,Modulation 50 Power,0.5
649,Modulation 50 Stereo,0.0
650,Modulation 51 Amount,0.5
651,Modulation 51 Bipolar,0.0
652,Modulation 51 Bypass,0.0
653,Modulation 51 Power,0.5
654,Modulation 51 Stereo,0.0
655,Modulation 52 Amount,0.5
656,Modulation 52 Bipolar,0.0
657,Modulation 52 Bypass,0.0
658,Modulation 52 Power,0.5
659,Modulation 52 Stereo,0.0
660,Modulation 53 Amount,0.5
661,Modulation 53 Bipolar,0.0
662,Modulation 53 Bypass,0.0
663,Modulation 53 Power,0.5
664,Modulation 53 Stereo,0.0
665,Modulation 54 Amount,0.5
666,Modulation 54 Bipolar,0.0
667,Modulation 54 Bypass,0.0
668,Modulation 54 Power,0.5
669,Modulation 54 Stereo,0.0
670,Modulation 55 Amount,0.5
671,Modulation 55 Bipolar,0.0
672,Modulation 55 Bypass,0.0
673,Modulation 55 Power,0.5
674,Modulation 55 Stereo,0.0
675,Modulation 56 Amount,0.5
676,Modulation 56 Bipolar,0.0
677,Modulation 56 Bypass,0.0
678,Modulation 56 Power,0.5
679,Modulation 56 Stereo,0.0
680,Modulation 57 Amount,0.5
681,Modulation 57 Bipolar,0.0
682,Modulation 57 Bypass,0.0
683,Modulation 57 Power,0.5
684,Modulation 57 Stereo,0.0
685,Modulation 58 Amount,0.5
686,Modulation 58 Bipolar,0.0
687,Modulation 58 Bypass,0.0
688,Modulation 58 Power,0.5
689,Modulation 58 Stereo,0.0
690,Modulation 59 Amount,0.5
691,Modulation 59 Bipolar,0.0
692,Modulation 59 Bypass,0.0
693,Modulation 59 Power,0.5
694,Modulation 59 Stereo,0.0
695,Modulation 60 Amount,0.5
696,Modulation 60 Bipolar,0.0
697,Modulation 60 Bypass,0.0
698,Modulation 60 Power,0.5
699,Modulation 60 Stereo,0.0
700,Modulation 61 Amount,0.5
701,Modulation 61 Bipolar,0.0
702,Modulation 61 Bypass,0.0
703,Modulation 61 Power,0.5
704,Modulation 61 Stereo,0.0
705,Modulation 62 Amount,0.5
706,Modulation 62 Bipolar,0.0
707,Modulation 62 Bypass,0.0
708,Modulation 62 Power,0.5
709,Modulation 62 Stereo,0.0
710,Modulation 63 Amount,0.5
711,Modulation 63 Bipolar,0.0
712,Modulation 63 Bypass,0.0
713,Modulation 63 Power,0.5
714,Modulation 63 Stereo,0.0
715,Modulation 64 Amount,0.5
716,Modulation 64 Bipolar,0.0
717,Modulation 64 Bypass,0.0
718,Modulation 64 Power,0.5
719,Modulation 64 Stereo,0.0
720,Compressor Mix,1.0
721,Sample Bounce,0.0
722,Voice Transpose,0.5
723,Stereo Mode,0.0
724,Chorus Filter Spread,1.0
725,Reverb Delay,0.0
726,Voice Override,0.0
727,Bypass,0.0
728,LFO 1 Transpose,0.5
729,LFO 1 Tune,0.5
730,LFO 2 Transpose,0.5
731,LFO 2 Tune,0.5
732,LFO 3 Transpose,0.5
733,LFO 3 Tune,0.5
734,LFO 4 Transpose,0.5
735,LFO 4 Tune,0.5
736,LFO 5 Transpose,0.5
737,LFO 5 Tune,0.5
738,LFO 6 Transpose,0.5
739,LFO 6 Tune,0.5
740,LFO 7 Transpose,0.5
741,LFO 7 Tune,0.5
742,LFO 8 Transpose,0.5
743,LFO 8 Tune,0.5
744,Random LFO 1 Transpose,0.5
745,Random LFO 1 Tune,0.5
746,Random LFO 2 Transpose,0.5
747,Random LFO 2 Tune,0.5
748,Random LFO 3 Transpose,0.5
749,Random LFO 3 Tune,0.5
750,Random LFO 4 Transpose,0.5
751,Random LFO 4 Tune,0.5
752,Filter 1 Formant Spread,0.5
753,Filter 2 Formant Spread,0.5
754,Filter fx Formant Spread,0.5
755,LFO 1 Smooth Mode,1.0
756,LFO 1 Smooth Time,0.1785714328289032
757,LFO 2 Smooth Mode,1.0
758,LFO 2 Smooth Time,0.1785714328289032
759,LFO 3 Smooth Mode,1.0
760,LFO 3 Smooth Time,0.1785714328289032
761,LFO 4 Smooth Mode,1.0
762,LFO 4 Smooth Time,0.1785714328289032
763,LFO 5 Smooth Mode,1.0
764,LFO 5 Smooth Time,0.1785714328289032
765,LFO 6 Smooth Mode,1.0
766,LFO 6 Smooth Time,0.1785714328289032
767,LFO 7 Smooth Mode,1.0
768,LFO 7 Smooth Time,0.1785714328289032
769,LFO 8 Smooth Mode,1.0
770,LFO 8 Smooth Time,0.1785714328289032
771,View Spectrogram,0.0
772,Oscillator 1 Frequency Morph Phase,0.5
773,Oscillator 2 Frequency Morph Phase,0.5
774,Oscillator 3 Frequency Morph Phase,0.5
775,Modulation 10 Ramp Down,0.0
776,Modulation 10 Ramp Up,0.0
777,Modulation 11 Ramp Down,0.0
778,Modulation 11 Ramp Up,0.0
779,Modulation 12 Ramp Down,0.0
780,Modulation 12 Ramp Up,0.0
781,Modulation 13 Ramp Down,0.0
782,Modulation 13 Ramp Up,0.0
783,Modulation 14 Ramp Down,0.0
784,Modulation 14 Ramp Up,0.0
785,Modulation 15 Ramp Down,0.0
786,Modulation 15 Ramp Up,0.0
787,Modulation 16 Ramp Down,0.0
788,Modulation 16 Ramp Up,0.0
789,Modulation 17 Ramp Down,0.0
790,Modulation 17 Ramp Up,0.0
791,Modulation 18 Ramp Down,0.0
792,Modulation 18 Ramp Up,0.0
793,Modulation 19 Ramp Down,0.0
794,Modulation 19 Ramp Up,0.0
795,Modulation 1 Ramp Down,0.0
796,Modulation 1 Ramp Up,0.0
797,Modulation 20 Ramp Down,0.0
798,Modulation 20 Ramp Up,0.0
799,Modulation 21 Ramp Down,0.0
800,Modulation 21 Ramp Up,0.0
801,Modulation 22 Ramp Down,0.0
802,Modulation 22 Ramp Up,0.0
803,Modulation 23 Ramp Down,0.0
804,Modulation 23 Ramp Up,0.0
805,Modulation 24 Ramp Down,0.0
806,Modulation 24 Ramp Up,0.0
807,Modulation 25 Ramp Down,0.0
808,Modulation 25 Ramp Up,0.0
809,Modulation 26 Ramp Down,0.0
810,Modulation 26 Ramp Up,0.0
811,Modulation 27 Ramp Down,0.0
812,Modulation 27 Ramp Up,0.0
813,Modulation 28 Ramp Down,0.0
814,Modulation 28 Ramp Up,0.0
815,Modulation 29 Ramp Down,0.0
816,Modulation 29 Ramp Up,0.0
817,Modulation 2 Ramp Down,0.0
818,Modulation 2 Ramp Up,0.0
819,Modulation 30 Ramp Down,0.0
820,Modulation 30 Ramp Up,0.0
821,Modulation 31 Ramp Down,0.0
822,Modulation 31 Ramp Up,0.0
823,Modulation 32 Ramp Down,0.0
824,Modulation 32 Ramp Up,0.0
825,Modulation 33 Ramp Down,0.0
826,Modulation 33 Ramp Up,0.0
827,Modulation 34 Ramp Down,0.0
828,Modulation 34 Ramp Up,0.0
829,Modulation 35 Ramp Down,0.0
830,Modulation 35 Ramp Up,0.0
831,Modulation 36 Ramp Down,0.0
832,Modulation 36 Ramp Up,0.0
833,Modulation 37 Ramp Down,0.0
834,Modulation 37 Ramp Up,0.0
835,Modulation 38 Ramp Down,0.0
836,Modulation 38 Ramp Up,0.0
837,Modulation 39 Ramp Down,0.0
838,Modulation 39 Ramp Up,0.0
839,Modulation 3 Ramp Down,0.0
840,Modulation 3 Ramp Up,0.0
841,Modulation 40 Ramp Down,0.0
842,Modulation 40 Ramp Up,0.0
843,Modulation 41 Ramp Down,0.0
844,Modulation 41 Ramp Up,0.0
845,Modulation 42 Ramp Down,0.0
846,Modulation 42 Ramp Up,0.0
847,Modulation 43 Ramp Down,0.0
848,Modulation 43 Ramp Up,0.0
849,Modulation 44 Ramp Down,0.0
850,Modulation 44 Ramp Up,0.0
851,Modulation 45 Ramp Down,0.0
852,Modulation 45 Ramp Up,0.0
853,Modulation 46 Ramp Down,0.0
854,Modulation 46 Ramp Up,0.0
855,Modulation 47 Ramp Down,0.0
856,Modulation 47 Ramp Up,0.0
857,Modulation 48 Ramp Down,0.0
858,Modulation 48 Ramp Up,0.0
859,Modulation 49 Ramp Down,0.0
860,Modulation 49 Ramp Up,0.0
861,Modulation 4 Ramp Down,0.0
862,Modulation 4 Ramp Up,0.0
863,Modulation 50 Ramp Down,0.0
864,Modulation 50 Ramp Up,0.0
865,Modulation 51 Ramp Down,0.0
866,Modulation 51 Ramp Up,0.0
867,Modulation 52 Ramp Down,0.0
868,Modulation 52 Ramp Up,0.0
869,Modulation 53 Ramp Down,0.0
870,Modulation 53 Ramp Up,0.0
871,Modulation 54 Ramp Down,0.0
872,Modulation 54 Ramp Up,0.0
873,Modulation 55 Ramp Down,0.0
874,Modulation 55 Ramp Up,0.0
875,Modulation 56 Ramp Down,0.0
876,Modulation 56 Ramp Up,0.0
877,Modulation 57 Ramp Down,0.0
878,Modulation 57 Ramp Up,0.0
879,Modulation 58 Ramp Down,0.0
880,Modulation 58 Ramp Up,0.0
881,Modulation 59 Ramp Down,0.0
882,Modulation 59 Ramp Up,0.0
883,Modulation 5 Ramp Down,0.0
884,Modulation 5 Ramp Up,0.0
885,Modulation 60 Ramp Down,0.0
886,Modulation 60 Ramp Up,0.0
887,Modulation 61 Ramp Down,0.0
888,Modulation 61 Ramp Up,0.0
889,Modulation 62 Ramp Down,0.0
890,Modulation 62 Ramp Up,0.0
891,Modulation 63 Ramp Down,0.0
892,Modulation 63 Ramp Up,0.0
893,Modulation 64 Ramp Down,0.0
894,Modulation 64 Ramp Up,0.0
895,Modulation 6 Ramp Down,0.0
896,Modulation 6 Ramp Up,0.0
897,Modulation 7 Ramp Down,0.0
898,Modulation 7 Ramp Up,0.0
899,Modulation 8 Ramp Down,0.0
900,Modulation 8 Ramp Up,0.0
901,Modulation 9 Ramp Down,0.0
902,Modulation 9 Ramp Up,0.0
903,MIDI CC 0|0,0.0
904,MIDI CC 0|1,0.0
905,MIDI CC 0|2,0.0
906,MIDI CC 0|3,0.0
907,MIDI CC 0|4,0.0
908,MIDI CC 0|5,0.0
909,MIDI CC 0|6,0.0
910,MIDI CC 0|7,0.0
911,MIDI CC 0|8,0.0
912,MIDI CC 0|9,0.0
913,MIDI CC 0|10,0.0
914,MIDI CC 0|11,0.0
915,MIDI CC 0|12,0.0
916,MIDI CC 0|13,0.0
917,MIDI CC 0|14,0.0
918,MIDI CC 0|15,0.0
919,MIDI CC 0|16,0.0
920,MIDI CC 0|17,0.0
921,MIDI CC 0|18,0.0
922,MIDI CC 0|19,0.0
923,MIDI CC 0|20,0.0
924,MIDI CC 0|21,0.0
925,MIDI CC 0|22,0.0
926,MIDI CC 0|23,0.0
927,MIDI CC 0|24,0.0
928,MIDI CC 0|25,0.0
929,MIDI CC 0|26,0.0
930,MIDI CC 0|27,0.0
931,MIDI CC 0|28,0.0
932,MIDI CC 0|29,0.0
933,MIDI CC 0|30,0.0
934,MIDI CC 0|31,0.0
935,MIDI CC 0|32,0.0
936,MIDI CC 0|33,0.0
937,MIDI CC 0|34,0.0
938,MIDI CC 0|35,0.0
939,MIDI CC 0|36,0.0
940,MIDI CC 0|37,0.0
941,MIDI CC 0|38,0.0
942,MIDI CC 0|39,0.0
943,MIDI CC 0|40,0.0
944,MIDI CC 0|41,0.0
945,MIDI CC 0|42,0.0
946,MIDI CC 0|43,0.0
947,MIDI CC 0|44,0.0
948,MIDI CC 0|45,0.0
949,MIDI CC 0|46,0.0
950,MIDI CC 0|47,0.0
951,MIDI CC 0|48,0.0
952,MIDI CC 0|49,0.0
953,MIDI CC 0|50,0.0
954,MIDI CC 0|51,0.0
955,MIDI CC 0|52,0.0
956,MIDI CC 0|53,0.0
957,MIDI CC 0|54,0.0
958,MIDI CC 0|55,0.0
959,MIDI CC 0|56,0.0
960,MIDI CC 0|57,0.0
961,MIDI CC 0|58,0.0
962,MIDI CC 0|59,0.0
963,MIDI CC 0|60,0.0
964,MIDI CC 0|61,0.0
965,MIDI CC 0|62,0.0
966,MIDI CC 0|63,0.0
967,MIDI CC 0|64,0.0
968,MIDI CC 0|65,0.0
969,MIDI CC 0|66,0.0
970,MIDI CC 0|67,0.0
971,MIDI CC 0|68,0.0
972,MIDI CC 0|69,0.0
973,MIDI CC 0|70,0.0
974,MIDI CC 0|71,0.0
975,MIDI CC 0|72,0.0
976,MIDI CC 0|73,0.0
977,MIDI CC 0|74,0.0
978,MIDI CC 0|75,0.0
979,MIDI CC 0|76,0.0
980,MIDI CC 0|77,0.0
981,MIDI CC 0|78,0.0
982,MIDI CC 0|79,0.0
983,MIDI CC 0|80,0.0
984,MIDI CC 0|81,0.0
985,MIDI CC 0|82,0.0
986,MIDI CC 0|83,0.0
987,MIDI CC 0|84,0.0
988,MIDI CC 0|85,0.0
989,MIDI CC 0|86,0.0
990,MIDI CC 0|87,0.0
991,MIDI CC 0|88,0.0
992,MIDI CC 0|89,0.0
993,MIDI CC 0|90,0.0
994,MIDI CC 0|91,0.0
995,MIDI CC 0|92,0.0
996,MIDI CC 0|93,0.0
997,MIDI CC 0|94,0.0
998,MIDI CC 0|95,0.0
999,MIDI CC 0|96,0.0
1000,MIDI CC 0|97,0.0
1001,MIDI CC 0|98,0.0
1002,MIDI CC 0|99,0.0
1003,MIDI CC 0|100,0.0
1004,MIDI CC 0|101,0.0
1005,MIDI CC 0|102,0.0
1006,MIDI CC 0|103,0.0
1007,MIDI CC 0|104,0.0
1008,MIDI CC 0|105,0.0
1009,MIDI CC 0|106,0.0
1010,MIDI CC 0|107,0.0
1011,MIDI CC 0|108,0.0
1012,MIDI CC 0|109,0.0
1013,MIDI CC 0|110,0.0
1014,MIDI CC 0|111,0.0
1015,MIDI CC 0|112,0.0
1016,MIDI CC 0|113,0.0
1017,MIDI CC 0|114,0.0
1018,MIDI CC 0|115,0.0
1019,MIDI CC 0|116,0.0
1020,MIDI CC 0|117,0.0
1021,MIDI CC 0|118,0.0
1022,MIDI CC 0|119,0.0
1023,MIDI CC 0|120,0.0
1024,MIDI CC 0|121,0.0
1025,MIDI CC 0|122,0.0
1026,MIDI CC 0|123,0.0
1027,MIDI CC 0|124,0.0
1028,MIDI CC 0|125,0.0
1029,MIDI CC 0|126,0.0
1030,MIDI CC 0|127,0.0
1031,MIDI CC 0|128,0.0
1032,MIDI CC 0|129,0.0
1033,MIDI CC 1|0,0.0
1034,MIDI CC 1|1,0.0
1035,MIDI CC 1|2,0.0
1036,MIDI CC 1|3,0.0
1037,MIDI CC 1|4,0.0
1038,MIDI CC 1|5,0.0
1039,MIDI CC 1|6,0.0
1040,MIDI CC 1|7,0.0
1041,MIDI CC 1|8,0.0
1042,MIDI CC 1|9,0.0
1043,MIDI CC 1|10,0.0
1044,MIDI CC 1|11,0.0
1045,MIDI CC 1|12,0.0
1046,MIDI CC 1|13,0.0
1047,MIDI CC 1|14,0.0
1048,MIDI CC 1|15,0.0
1049,MIDI CC 1|16,0.0
1050,MIDI CC 1|17,0.0
1051,MIDI CC 1|18,0.0
1052,MIDI CC 1|19,0.0
1053,MIDI CC 1|20,0.0
1054,MIDI CC 1|21,0.0
1055,MIDI CC 1|22,0.0
1056,MIDI CC 1|23,0.0
1057,MIDI CC 1|24,0.0
1058,MIDI CC 1|25,0.0
1059,MIDI CC 1|26,0.0
1060,MIDI CC 1|27,0.0
1061,MIDI CC 1|28,0.0
1062,MIDI CC 1|29,0.0
1063,MIDI CC 1|30,0.0
1064,MIDI CC 1|31,0.0
1065,MIDI CC 1|32,0.0
1066,MIDI CC 1|33,0.0
1067,MIDI CC 1|34,0.0
1068,MIDI CC 1|35,0.0
1069,MIDI CC 1|36,0.0
1070,MIDI CC 1|37,0.0
1071,MIDI CC 1|38,0.0
1072,MIDI CC 1|39,0.0
1073,MIDI CC 1|40,0.0
1074,MIDI CC 1|41,0.0
1075,MIDI CC 1|42,0.0
1076,MIDI CC 1|43,0.0
1077,MIDI CC 1|44,0.0
1078,MIDI CC 1|45,0.0
1079,MIDI CC 1|46,0.0
1080,MIDI CC 1|47,0.0
1081,MIDI CC 1|48,0.0
1082,MIDI CC 1|49,0.0
1083,MIDI CC 1|50,0.0
1084,MIDI CC 1|51,0.0
1085,MIDI CC 1|52,0.0
1086,MIDI CC 1|53,0.0
1087,MIDI CC 1|54,0.0
1088,MIDI CC 1|55,0.0
1089,MIDI CC 1|56,0.0
1090,MIDI CC 1|57,0.0
1091,MIDI CC 1|58,0.0
1092,MIDI CC 1|59,0.0
1093,MIDI CC 1|60,0.0
1094,MIDI CC 1|61,0.0
1095,MIDI CC 1|62,0.0
1096,MIDI CC 1|63,0.0
1097,MIDI CC 1|64,0.0
1098,MIDI CC 1|65,0.0
1099,MIDI CC 1|66,0.0
1100,MIDI CC 1|67,0.0
1101,MIDI CC 1|68,0.0
1102,MIDI CC 1|69,0.0
1103,MIDI CC 1|70,0.0
1104,MIDI CC 1|71,0.0
1105,MIDI CC 1|72,0.0
1106,MIDI CC 1|73,0.0
1107,MIDI CC 1|74,0.0
1108,MIDI CC 1|75,0.0
1109,MIDI CC 1|76,0.0
1110,MIDI CC 1|77,0.0
1111,MIDI CC 1|78,0.0
1112,MIDI CC 1|79,0.0
1113,MIDI CC 1|80,0.0
1114,MIDI CC 1|81,0.0
1115,MIDI CC 1|82,0.0
1116,MIDI CC 1|83,0.0
1117,MIDI CC 1|84,0.0
1118,MIDI CC 1|85,0.0
1119,MIDI CC 1|86,0.0
1120,MIDI CC 1|87,0.0
1121,MIDI CC 1|88,0.0
1122,MIDI CC 1|89,0.0
1123,MIDI CC 1|90,0.0
1124,MIDI CC 1|91,0.0
1125,MIDI CC 1|92,0.0
1126,MIDI CC 1|93,0.0
1127,MIDI CC 1|94,0.0
1128,MIDI CC 1|95,0.0
1129,MIDI CC 1|96,0.0
1130,MIDI CC 1|97,0.0
1131,MIDI CC 1|98,0.0
1132,MIDI CC 1|99,0.0
1133,MIDI CC 1|100,0.0
1134,MIDI CC 1|101,0.0
1135,MIDI CC 1|102,0.0
1136,MIDI CC 1|103,0.0
1137,MIDI CC 1|104,0.0
1138,MIDI CC 1|105,0.0
1139,MIDI CC 1|106,0.0
1140,MIDI CC 1|107,0.0
1141,MIDI CC 1|108,0.0
1142,MIDI CC 1|109,0.0
1143,MIDI CC 1|110,0.0
1144,MIDI CC 1|111,0.0
1145,MIDI CC 1|112,0.0
1146,MIDI CC 1|113,0.0
1147,MIDI CC 1|114,0.0
1148,MIDI CC 1|115,0.0
1149,MIDI CC 1|116,0.0
1150,MIDI CC 1|117,0.0
1151,MIDI CC 1|118,0.0
1152,MIDI CC 1|119,0.0
1153,MIDI CC 1|120,0.0
1154,MIDI CC 1|121,0.0
1155,MIDI CC 1|122,0.0
1156,MIDI CC 1|123,0.0
1157,MIDI CC 1|124,0.0
1158,MIDI CC 1|125,0.0
1159,MIDI CC 1|126,0.0
1160,MIDI CC 1|127,0.0
1161,MIDI CC 1|128,0.0
1162,MIDI CC 1|129,0.0
1163,MIDI CC 2|0,0.0
1164,MIDI CC 2|1,0.0
1165,MIDI CC 2|2,0.0
1166,MIDI CC 2|3,0.0
1167,MIDI CC 2|4,0.0
1168,MIDI CC 2|5,0.0
1169,MIDI CC 2|6,0.0
1170,MIDI CC 2|7,0.0
1171,MIDI CC 2|8,0.0
1172,MIDI CC 2|9,0.0
1173,MIDI CC 2|10,0.0
1174,MIDI CC 2|11,0.0
1175,MIDI CC 2|12,0.0
1176,MIDI CC 2|13,0.0
1177,MIDI CC 2|14,0.0
1178,MIDI CC 2|15,0.0
1179,MIDI CC 2|16,0.0
1180,MIDI CC 2|17,0.0
1181,MIDI CC 2|18,0.0
1182,MIDI CC 2|19,0.0
1183,MIDI CC 2|20,0.0
1184,MIDI CC 2|21,0.0
1185,MIDI CC 2|22,0.0
1186,MIDI CC 2|23,0.0
1187,MIDI CC 2|24,0.0
1188,MIDI CC 2|25,0.0
1189,MIDI CC 2|26,0.0
1190,MIDI CC 2|27,0.0
1191,MIDI CC 2|28,0.0
1192,MIDI CC 2|29,0.0
1193,MIDI CC 2|30,0.0
1194,MIDI CC 2|31,0.0
1195,MIDI CC 2|32,0.0
1196,MIDI CC 2|33,0.0
1197,MIDI CC 2|34,0.0
1198,MIDI CC 2|35,0.0
1199,MIDI CC 2|36,0.0
1200,MIDI CC 2|37,0.0
1201,MIDI CC 2|38,0.0
1202,MIDI CC 2|39,0.0
1203,MIDI CC 2|40,0.0
1204,MIDI CC 2|41,0.0
1205,MIDI CC 2|42,0.0
1206,MIDI CC 2|43,0.0
1207,MIDI CC 2|44,0.0
1208,MIDI CC 2|45,0.0
1209,MIDI CC 2|46,0.0
1210,MIDI CC 2|47,0.0
1211,MIDI CC 2|48,0.0
1212,MIDI CC 2|49,0.0
1213,MIDI CC 2|50,0.0
1214,MIDI CC 2|51,0.0
1215,MIDI CC 2|52,0.0
1216,MIDI CC 2|53,0.0
1217,MIDI CC 2|54,0.0
1218,MIDI CC 2|55,0.0
1219,MIDI CC 2|56,0.0
1220,MIDI CC 2|57,0.0
1221,MIDI CC 2|58,0.0
1222,MIDI CC 2|59,0.0
1223,MIDI CC 2|60,0.0
1224,MIDI CC 2|61,0.0
1225,MIDI CC 2|62,0.0
1226,MIDI CC 2|63,0.0
1227,MIDI CC 2|64,0.0
1228,MIDI CC 2|65,0.0
1229,MIDI CC 2|66,0.0
1230,MIDI CC 2|67,0.0
1231,MIDI CC 2|68,0.0
1232,MIDI CC 2|69,0.0
1233,MIDI CC 2|70,0.0
1234,MIDI CC 2|71,0.0
1235,MIDI CC 2|72,0.0
1236,MIDI CC 2|73,0.0
1237,MIDI CC 2|74,0.0
1238,MIDI CC 2|75,0.0
1239,MIDI CC 2|76,0.0
1240,MIDI CC 2|77,0.0
1241,MIDI CC 2|78,0.0
1242,MIDI CC 2|79,0.0
1243,MIDI CC 2|80,0.0
1244,MIDI CC 2|81,0.0
1245,MIDI CC 2|82,0.0
1246,MIDI CC 2|83,0.0
1247,MIDI CC 2|84,0.0
1248,MIDI CC 2|85,0.0
1249,MIDI CC 2|86,0.0
1250,MIDI CC 2|87,0.0
1251,MIDI CC 2|88,0.0
1252,MIDI CC 2|89,0.0
1253,MIDI CC 2|90,0.0
1254,MIDI CC 2|91,0.0
1255,MIDI CC 2|92,0.0
1256,MIDI CC 2|93,0.0
1257,MIDI CC 2|94,0.0
1258,MIDI CC 2|95,0.0
1259,MIDI CC 2|96,0.0
1260,MIDI CC 2|97,0.0
1261,MIDI CC 2|98,0.0
1262,MIDI CC 2|99,0.0
1263,MIDI CC 2|100,0.0
1264,MIDI CC 2|101,0.0
1265,MIDI CC 2|102,0.0
1266,MIDI CC 2|103,0.0
1267,MIDI CC 2|104,0.0
1268,MIDI CC 2|105,0.0
1269,MIDI CC 2|106,0.0
1270,MIDI CC 2|107,0.0
1271,MIDI CC 2|108,0.0
1272,MIDI CC 2|109,0.0
1273,MIDI CC 2|110,0.0
1274,MIDI CC 2|111,0.0
1275,MIDI CC 2|112,0.0
1276,MIDI CC 2|113,0.0
1277,MIDI CC 2|114,0.0
1278,MIDI CC 2|115,0.0
1279,MIDI CC 2|116,0.0
1280,MIDI CC 2|117,0.0
1281,MIDI CC 2|118,0.0
1282,MIDI CC 2|119,0.0
1283,MIDI CC 2|120,0.0
1284,MIDI CC 2|121,0.0
1285,MIDI CC 2|122,0.0
1286,MIDI CC 2|123,0.0
1287,MIDI CC 2|124,0.0
1288,MIDI CC 2|125,0.0
1289,MIDI CC 2|126,0.0
1290,MIDI CC 2|127,0.0
1291,MIDI CC 2|128,0.0
1292,MIDI CC 2|129,0.0
1293,MIDI CC 3|0,0.0
1294,MIDI CC 3|1,0.0
1295,MIDI CC 3|2,0.0
1296,MIDI CC 3|3,0.0
1297,MIDI CC 3|4,0.0
1298,MIDI CC 3|5,0.0
1299,MIDI CC 3|6,0.0
1300,MIDI CC 3|7,0.0
1301,MIDI CC 3|8,0.0
1302,MIDI CC 3|9,0.0
1303,MIDI CC 3|10,0.0
1304,MIDI CC 3|11,0.0
1305,MIDI CC 3|12,0.0
1306,MIDI CC 3|13,0.0
1307,MIDI CC 3|14,0.0
1308,MIDI CC 3|15,0.0
1309,MIDI CC 3|16,0.0
1310,MIDI CC 3|17,0.0
1311,MIDI CC 3|18,0.0
1312,MIDI CC 3|19,0.0
1313,MIDI CC 3|20,0.0
1314,MIDI CC 3|21,0.0
1315,MIDI CC 3|22,0.0
1316,MIDI CC 3|23,0.0
1317,MIDI CC 3|24,0.0
1318,MIDI CC 3|25,0.0
1319,MIDI CC 3|26,0.0
1320,MIDI CC 3|27,0.0
1321,MIDI CC 3|28,0.0
1322,MIDI CC 3|29,0.0
1323,MIDI CC 3|30,0.0
1324,MIDI CC 3|31,0.0
1325,MIDI CC 3|32,0.0
1326,MIDI CC 3|33,0.0
1327,MIDI CC 3|34,0.0
1328,MIDI CC 3|35,0.0
1329,MIDI CC 3|36,0.0
1330,MIDI CC 3|37,0.0
1331,MIDI CC 3|38,0.0
1332,MIDI CC 3|39,0.0
1333,MIDI CC 3|40,0.0
1334,MIDI CC 3|41,0.0
1335,MIDI CC 3|42,0.0
1336,MIDI CC 3|43,0.0
1337,MIDI CC 3|44,0.0
1338,MIDI CC 3|45,0.0
1339,MIDI CC 3|46,0.0
1340,MIDI CC 3|47,0.0
1341,MIDI CC 3|48,0.0
1342,MIDI CC 3|49,0.0
1343,MIDI CC 3|50,0.0
1344,MIDI CC 3|51,0.0
1345,MIDI CC 3|52,0.0
1346,MIDI CC 3|53,0.0
1347,MIDI CC 3|54,0.0
1348,MIDI CC 3|55,0.0
1349,MIDI CC 3|56,0.0
1350,MIDI CC 3|57,0.0
1351,MIDI CC 3|58,0.0
1352,MIDI CC 3|59,0.0
1353,MIDI CC 3|60,0.0
1354,MIDI CC 3|61,0.0
1355,MIDI CC 3|62,0.0
1356,MIDI CC 3|63,0.0
1357,MIDI CC 3|64,0.0
1358,MIDI CC 3|65,0.0
1359,MIDI CC 3|66,0.0
1360,MIDI CC 3|67,0.0
1361,MIDI CC 3|68,0.0
1362,MIDI CC 3|69,0.0
1363,MIDI CC 3|70,0.0
1364,MIDI CC 3|71,0.0
1365,MIDI CC 3|72,0.0
1366,MIDI CC 3|73,0.0
1367,MIDI CC 3|74,0.0
1368,MIDI CC 3|75,0.0
1369,MIDI CC 3|76,0.0
1370,MIDI CC 3|77,0.0
1371,MIDI CC 3|78,0.0
1372,MIDI CC 3|79,0.0
1373,MIDI CC 3|80,0.0
1374,MIDI CC 3|81,0.0
1375,MIDI CC 3|82,0.0
1376,MIDI CC 3|83,0.0
1377,MIDI CC 3|84,0.0
1378,MIDI CC 3|85,0.0
1379,MIDI CC 3|86,0.0
1380,MIDI CC 3|87,0.0
1381,MIDI CC 3|88,0.0
1382,MIDI CC 3|89,0.0
1383,MIDI CC 3|90,0.0
1384,MIDI CC 3|91,0.0
1385,MIDI CC 3|92,0.0
1386,MIDI CC 3|93,0.0
1387,MIDI CC 3|94,0.0
1388,MIDI CC 3|95,0.0
1389,MIDI CC 3|96,0.0
1390,MIDI CC 3|97,0.0
1391,MIDI CC 3|98,0.0
1392,MIDI CC 3|99,0.0
1393,MIDI CC 3|100,0.0
1394,MIDI CC 3|101,0.0
1395,MIDI CC 3|102,0.0
1396,MIDI CC 3|103,0.0
1397,MIDI CC 3|104,0.0
1398,MIDI CC 3|105,0.0
1399,MIDI CC 3|106,0.0
1400,MIDI CC 3|107,0.0
1401,MIDI CC 3|108,0.0
1402,MIDI CC 3|109,0.0
1403,MIDI CC 3|110,0.0
1404,MIDI CC 3|111,0.0
1405,MIDI CC 3|112,0.0
1406,MIDI CC 3|113,0.0
1407,MIDI CC 3|114,0.0
1408,MIDI CC 3|115,0.0
1409,MIDI CC 3|116,0.0
1410,MIDI CC 3|117,0.0
1411,MIDI CC 3|118,0.0
1412,MIDI CC 3|119,0.0
1413,MIDI CC 3|120,0.0
1414,MIDI CC 3|121,0.0
1415,MIDI CC 3|122,0.0
1416,MIDI CC 3|123,0.0
1417,MIDI CC 3|124,0.0
1418,MIDI CC 3|125,0.0
1419,MIDI CC 3|126,0.0
1420,MIDI CC 3|127,0.0
1421,MIDI CC 3|128,0.0
1422,MIDI CC 3|129,0.0
1423,MIDI CC 4|0,0.0
1424,MIDI CC 4|1,0.0
1425,MIDI CC 4|2,0.0
1426,MIDI CC 4|3,0.0
1427,MIDI CC 4|4,0.0
1428,MIDI CC 4|5,0.0
1429,MIDI CC 4|6,0.0
1430,MIDI CC 4|7,0.0
1431,MIDI CC 4|8,0.0
1432,MIDI CC 4|9,0.0
1433,MIDI CC 4|10,0.0
1434,MIDI CC 4|11,0.0
1435,MIDI CC 4|12,0.0
1436,MIDI CC 4|13,0.0
1437,MIDI CC 4|14,0.0
1438,MIDI CC 4|15,0.0
1439,MIDI CC 4|16,0.0
1440,MIDI CC 4|17,0.0
1441,MIDI CC 4|18,0.0
1442,MIDI CC 4|19,0.0
1443,MIDI CC 4|20,0.0
1444,MIDI CC 4|21,0.0
1445,MIDI CC 4|22,0.0
1446,MIDI CC 4|23,0.0
1447,MIDI CC 4|24,0.0
1448,MIDI CC 4|25,0.0
1449,MIDI CC 4|26,0.0
1450,MIDI CC 4|27,0.0
1451,MIDI CC 4|28,0.0
1452,MIDI CC 4|29,0.0
1453,MIDI CC 4|30,0.0
1454,MIDI CC 4|31,0.0
1455,MIDI CC 4|32,0.0
1456,MIDI CC 4|33,0.0
1457,MIDI CC 4|34,0.0
1458,MIDI CC 4|35,0.0
1459,MIDI CC 4|36,0.0
1460,MIDI CC 4|37,0.0
1461,MIDI CC 4|38,0.0
1462,MIDI CC 4|39,0.0
1463,MIDI CC 4|40,0.0
1464,MIDI CC 4|41,0.0
1465,MIDI CC 4|42,0.0
1466,MIDI CC 4|43,0.0
1467,MIDI CC 4|44,0.0
1468,MIDI CC 4|45,0.0
1469,MIDI CC 4|46,0.0
1470,MIDI CC 4|47,0.0
1471,MIDI CC 4|48,0.0
1472,MIDI CC 4|49,0.0
1473,MIDI CC 4|50,0.0
1474,MIDI CC 4|51,0.0
1475,MIDI CC 4|52,0.0
1476,MIDI CC 4|53,0.0
1477,MIDI CC 4|54,0.0
1478,MIDI CC 4|55,0.0
1479,MIDI CC 4|56,0.0
1480,MIDI CC 4|57,0.0
1481,MIDI CC 4|58,0.0
1482,MIDI CC 4|59,0.0
1483,MIDI CC 4|60,0.0
1484,MIDI CC 4|61,0.0
1485,MIDI CC 4|62,0.0
1486,MIDI CC 4|63,0.0
1487,MIDI CC 4|64,0.0
1488,MIDI CC 4|65,0.0
1489,MIDI CC 4|66,0.0
1490,MIDI CC 4|67,0.0
1491,MIDI CC 4|68,0.0
1492,MIDI CC 4|69,0.0
1493,MIDI CC 4|70,0.0
1494,MIDI CC 4|71,0.0
1495,MIDI CC 4|72,0.0
1496,MIDI CC 4|73,0.0
1497,MIDI CC 4|74,0.0
1498,MIDI CC 4|75,0.0
1499,MIDI CC 4|76,0.0
1500,MIDI CC 4|77,0.0
1501,MIDI CC 4|78,0.0
1502,MIDI CC 4|79,0.0
1503,MIDI CC 4|80,0.0
1504,MIDI CC 4|81,0.0
1505,MIDI CC 4|82,0.0
1506,MIDI CC 4|83,0.0
1507,MIDI CC 4|84,0.0
1508,MIDI CC 4|85,0.0
1509,MIDI CC 4|86,0.0
1510,MIDI CC 4|87,0.0
1511,MIDI CC 4|88,0.0
1512,MIDI CC 4|89,0.0
1513,MIDI CC 4|90,0.0
1514,MIDI CC 4|91,0.0
1515,MIDI CC 4|92,0.0
1516,MIDI CC 4|93,0.0
1517,MIDI CC 4|94,0.0
1518,MIDI CC 4|95,0.0
1519,MIDI CC 4|96,0.0
1520,MIDI CC 4|97,0.0
1521,MIDI CC 4|98,0.0
1522,MIDI CC 4|99,0.0
1523,MIDI CC 4|100,0.0
1524,MIDI CC 4|101,0.0
1525,MIDI CC 4|102,0.0
1526,MIDI CC 4|103,0.0
1527,MIDI CC 4|104,0.0
1528,MIDI CC 4|105,0.0
1529,MIDI CC 4|106,0.0
1530,MIDI CC 4|107,0.0
1531,MIDI CC 4|108,0.0
1532,MIDI CC 4|109,0.0
1533,MIDI CC 4|110,0.0
1534,MIDI CC 4|111,0.0
1535,MIDI CC 4|112,0.0
1536,MIDI CC 4|113,0.0
1537,MIDI CC 4|114,0.0
1538,MIDI CC 4|115,0.0
1539,MIDI CC 4|116,0.0
1540,MIDI CC 4|117,0.0
1541,MIDI CC 4|118,0.0
1542,MIDI CC 4|119,0.0
1543,MIDI CC 4|120,0.0
1544,MIDI CC 4|121,0.0
1545,MIDI CC 4|122,0.0
1546,MIDI CC 4|123,0.0
1547,MIDI CC 4|124,0.0
1548,MIDI CC 4|125,0.0
1549,MIDI CC 4|126,0.0
1550,MIDI CC 4|127,0.0
1551,MIDI CC 4|128,0.0
1552,MIDI CC 4|129,0.0
1553,MIDI CC 5|0,0.0
1554,MIDI CC 5|1,0.0
1555,MIDI CC 5|2,0.0
1556,MIDI CC 5|3,0.0
1557,MIDI CC 5|4,0.0
1558,MIDI CC 5|5,0.0
1559,MIDI CC 5|6,0.0
1560,MIDI CC 5|7,0.0
1561,MIDI CC 5|8,0.0
1562,MIDI CC 5|9,0.0
1563,MIDI CC 5|10,0.0
1564,MIDI CC 5|11,0.0
1565,MIDI CC 5|12,0.0
1566,MIDI CC 5|13,0.0
1567,MIDI CC 5|14,0.0
1568,MIDI CC 5|15,0.0
1569,MIDI CC 5|16,0.0
1570,MIDI CC 5|17,0.0
1571,MIDI CC 5|18,0.0
1572,MIDI CC 5|19,0.0
1573,MIDI CC 5|20,0.0
1574,MIDI CC 5|21,0.0
1575,MIDI CC 5|22,0.0
1576,MIDI CC 5|23,0.0
1577,MIDI CC 5|24,0.0
1578,MIDI CC 5|25,0.0
1579,MIDI CC 5|26,0.0
1580,MIDI CC 5|27,0.0
1581,MIDI CC 5|28,0.0
1582,MIDI CC 5|29,0.0
1583,MIDI CC 5|30,0.0
1584,MIDI CC 5|31,0.0
1585,MIDI CC 5|32,0.0
1586,MIDI CC 5|33,0.0
1587,MIDI CC 5|34,0.0
1588,MIDI CC 5|35,0.0
1589,MIDI CC 5|36,0.0
1590,MIDI CC 5|37,0.0
1591,MIDI CC 5|38,0.0
1592,MIDI CC 5|39,0.0
1593,MIDI CC 5|40,0.0
1594,MIDI CC 5|41,0.0
1595,MIDI CC 5|42,0.0
1596,MIDI CC 5|43,0.0
1597,MIDI CC 5|44,0.0
1598,MIDI CC 5|45,0.0
1599,MIDI CC 5|46,0.0
1600,MIDI CC 5|47,0.0
1601,MIDI CC 5|48,0.0
1602,MIDI CC 5|49,0.0
1603,MIDI CC 5|50,0.0
1604,MIDI CC 5|51,0.0
1605,MIDI CC 5|52,0.0
1606,MIDI CC 5|53,0.0
1607,MIDI CC 5|54,0.0
1608,MIDI CC 5|55,0.0
1609,MIDI CC 5|56,0.0
1610,MIDI CC 5|57,0.0
1611,MIDI CC 5|58,0.0
1612,MIDI CC 5|59,0.0
1613,MIDI CC 5|60,0.0
1614,MIDI CC 5|61,0.0
1615,MIDI CC 5|62,0.0
1616,MIDI CC 5|63,0.0
1617,MIDI CC 5|64,0.0
1618,MIDI CC 5|65,0.0
1619,MIDI CC 5|66,0.0
1620,MIDI CC 5|67,0.0
1621,MIDI CC 5|68,0.0
1622,MIDI CC 5|69,0.0
1623,MIDI CC 5|70,0.0
1624,MIDI CC 5|71,0.0
1625,MIDI CC 5|72,0.0
1626,MIDI CC 5|73,0.0
1627,MIDI CC 5|74,0.0
1628,MIDI CC 5|75,0.0
1629,MIDI CC 5|76,0.0
1630,MIDI CC 5|77,0.0
1631,MIDI CC 5|78,0.0
1632,MIDI CC 5|79,0.0
1633,MIDI CC 5|80,0.0
1634,MIDI CC 5|81,0.0
1635,MIDI CC 5|82,0.0
1636,MIDI CC 5|83,0.0
1637,MIDI CC 5|84,0.0
1638,MIDI CC 5|85,0.0
1639,MIDI CC 5|86,0.0
1640,MIDI CC 5|87,0.0
1641,MIDI CC 5|88,0.0
1642,MIDI CC 5|89,0.0
1643,MIDI CC 5|90,0.0
1644,MIDI CC 5|91,0.0
1645,MIDI CC 5|92,0.0
1646,MIDI CC 5|93,0.0
1647,MIDI CC 5|94,0.0
1648,MIDI CC 5|95,0.0
1649,MIDI CC 5|96,0.0
1650,MIDI CC 5|97,0.0
1651,MIDI CC 5|98,0.0
1652,MIDI CC 5|99,0.0
1653,MIDI CC 5|100,0.0
1654,MIDI CC 5|101,0.0
1655,MIDI CC 5|102,0.0
1656,MIDI CC 5|103,0.0
1657,MIDI CC 5|104,0.0
1658,MIDI CC 5|105,0.0
1659,MIDI CC 5|106,0.0
1660,MIDI CC 5|107,0.0
1661,MIDI CC 5|108,0.0
1662,MIDI CC 5|109,0.0
1663,MIDI CC 5|110,0.0
1664,MIDI CC 5|111,0.0
1665,MIDI CC 5|112,0.0
1666,MIDI CC 5|113,0.0
1667,MIDI CC 5|114,0.0
1668,MIDI CC 5|115,0.0
1669,MIDI CC 5|116,0.0
1670,MIDI CC 5|117,0.0
1671,MIDI CC 5|118,0.0
1672,MIDI CC 5|119,0.0
1673,MIDI CC 5|120,0.0
1674,MIDI CC 5|121,0.0
1675,MIDI CC 5|122,0.0
1676,MIDI CC 5|123,0.0
1677,MIDI CC 5|124,0.0
1678,MIDI CC 5|125,0.0
1679,MIDI CC 5|126,0.0
1680,MIDI CC 5|127,0.0
1681,MIDI CC 5|128,0.0
1682,MIDI CC 5|129,0.0
1683,MIDI CC 6|0,0.0
1684,MIDI CC 6|1,0.0
1685,MIDI CC 6|2,0.0
1686,MIDI CC 6|3,0.0
1687,MIDI CC 6|4,0.0
1688,MIDI CC 6|5,0.0
1689,MIDI CC 6|6,0.0
1690,MIDI CC 6|7,0.0
1691,MIDI CC 6|8,0.0
1692,MIDI CC 6|9,0.0
1693,MIDI CC 6|10,0.0
1694,MIDI CC 6|11,0.0
1695,MIDI CC 6|12,0.0
1696,MIDI CC 6|13,0.0
1697,MIDI CC 6|14,0.0
1698,MIDI CC 6|15,0.0
1699,MIDI CC 6|16,0.0
1700,MIDI CC 6|17,0.0
1701,MIDI CC 6|18,0.0
1702,MIDI CC 6|19,0.0
1703,MIDI CC 6|20,0.0
1704,MIDI CC 6|21,0.0
1705,MIDI CC 6|22,0.0
1706,MIDI CC 6|23,0.0
1707,MIDI CC 6|24,0.0
1708,MIDI CC 6|25,0.0
1709,MIDI CC 6|26,0.0
1710,MIDI CC 6|27,0.0
1711,MIDI CC 6|28,0.0
1712,MIDI CC 6|29,0.0
1713,MIDI CC 6|30,0.0
1714,MIDI CC 6|31,0.0
1715,MIDI CC 6|32,0.0
1716,MIDI CC 6|33,0.0
1717,MIDI CC 6|34,0.0
1718,MIDI CC 6|35,0.0
1719,MIDI CC 6|36,0.0
1720,MIDI CC 6|37,0.0
1721,MIDI CC 6|38,0.0
1722,MIDI CC 6|39,0.0
1723,MIDI CC 6|40,0.0
1724,MIDI CC 6|41,0.0
1725,MIDI CC 6|42,0.0
1726,MIDI CC 6|43,0.0
1727,MIDI CC 6|44,0.0
1728,MIDI CC 6|45,0.0
1729,MIDI CC 6|46,0.0
1730,MIDI CC 6|47,0.0
1731,MIDI CC 6|48,0.0
1732,MIDI CC 6|49,0.0
1733,MIDI CC 6|50,0.0
1734,MIDI CC 6|51,0.0
1735,MIDI CC 6|52,0.0
1736,MIDI CC 6|53,0.0
1737,MIDI CC 6|54,0.0
1738,MIDI CC 6|55,0.0
1739,MIDI CC 6|56,0.0
1740,MIDI CC 6|57,0.0
1741,MIDI CC 6|58,0.0
1742,MIDI CC 6|59,0.0
1743,MIDI CC 6|60,0.0
1744,MIDI CC 6|61,0.0
1745,MIDI CC 6|62,0.0
1746,MIDI CC 6|63,0.0
1747,MIDI CC 6|64,0.0
1748,MIDI CC 6|65,0.0
1749,MIDI CC 6|66,0.0
1750,MIDI CC 6|67,0.0
1751,MIDI CC 6|68,0.0
1752,MIDI CC 6|69,0.0
1753,MIDI CC 6|70,0.0
1754,MIDI CC 6|71,0.0
1755,MIDI CC 6|72,0.0
1756,MIDI CC 6|73,0.0
1757,MIDI CC 6|74,0.0
1758,MIDI CC 6|75,0.0
1759,MIDI CC 6|76,0.0
1760,MIDI CC 6|77,0.0
1761,MIDI CC 6|78,0.0
1762,MIDI CC 6|79,0.0
1763,MIDI CC 6|80,0.0
1764,MIDI CC 6|81,0.0
1765,MIDI CC 6|82,0.0
1766,MIDI CC 6|83,0.0
1767,MIDI CC 6|84,0.0
1768,MIDI CC 6|85,0.0
1769,MIDI CC 6|86,0.0
1770,MIDI CC 6|87,0.0
1771,MIDI CC 6|88,0.0
1772,MIDI CC 6|89,0.0
1773,MIDI CC 6|90,0.0
1774,MIDI CC 6|91,0.0
1775,MIDI CC 6|92,0.0
1776,MIDI CC 6|93,0.0
1777,MIDI CC 6|94,0.0
1778,MIDI CC 6|95,0.0
1779,MIDI CC 6|96,0.0
1780,MIDI CC 6|97,0.0
1781,MIDI CC 6|98,0.0
1782,MIDI CC 6|99,0.0
1783,MIDI CC 6|100,0.0
1784,MIDI CC 6|101,0.0
1785,MIDI CC 6|102,0.0
1786,MIDI CC 6|103,0.0
1787,MIDI CC 6|104,0.0
1788,MIDI CC 6|105,0.0
1789,MIDI CC 6|106,0.0
1790,MIDI CC 6|107,0.0
1791,MIDI CC 6|108,0.0
1792,MIDI CC 6|109,0.0
1793,MIDI CC 6|110,0.0
1794,MIDI CC 6|111,0.0
1795,MIDI CC 6|112,0.0
1796,MIDI CC 6|113,0.0
1797,MIDI CC 6|114,0.0
1798,MIDI CC 6|115,0.0
1799,MIDI CC 6|116,0.0
1800,MIDI CC 6|117,0.0
1801,MIDI CC 6|118,0.0
1802,MIDI CC 6|119,0.0
1803,MIDI CC 6|120,0.0
1804,MIDI CC 6|121,0.0
1805,MIDI CC 6|122,0.0
1806,MIDI CC 6|123,0.0
1807,MIDI CC 6|124,0.0
1808,MIDI CC 6|125,0.0
1809,MIDI CC 6|126,0.0
1810,MIDI CC 6|127,0.0
1811,MIDI CC 6|128,0.0
1812,MIDI CC 6|129,0.0
1813,MIDI CC 7|0,0.0
1814,MIDI CC 7|1,0.0
1815,MIDI CC 7|2,0.0
1816,MIDI CC 7|3,0.0
1817,MIDI CC 7|4,0.0
1818,MIDI CC 7|5,0.0
1819,MIDI CC 7|6,0.0
1820,MIDI CC 7|7,0.0
1821,MIDI CC 7|8,0.0
1822,MIDI CC 7|9,0.0
1823,MIDI CC 7|10,0.0
1824,MIDI CC 7|11,0.0
1825,MIDI CC 7|12,0.0
1826,MIDI CC 7|13,0.0
1827,MIDI CC 7|14,0.0
1828,MIDI CC 7|15,0.0
1829,MIDI CC 7|16,0.0
1830,MIDI CC 7|17,0.0
1831,MIDI CC 7|18,0.0
1832,MIDI CC 7|19,0.0
1833,MIDI CC 7|20,0.0
1834,MIDI CC 7|21,0.0
1835,MIDI CC 7|22,0.0
1836,MIDI CC 7|23,0.0
1837,MIDI CC 7|24,0.0
1838,MIDI CC 7|25,0.0
1839,MIDI CC 7|26,0.0
1840,MIDI CC 7|27,0.0
1841,MIDI CC 7|28,0.0
1842,MIDI CC 7|29,0.0
1843,MIDI CC 7|30,0.0
1844,MIDI CC 7|31,0.0
1845,MIDI CC 7|32,0.0
1846,MIDI CC 7|33,0.0
1847,MIDI CC 7|34,0.0
1848,MIDI CC 7|35,0.0
1849,MIDI CC 7|36,0.0
1850,MIDI CC 7|37,0.0
1851,MIDI CC 7|38,0.0
1852,MIDI CC 7|39,0.0
1853,MIDI CC 7|40,0.0
1854,MIDI CC 7|41,0.0
1855,MIDI CC 7|42,0.0
1856,MIDI CC 7|43,0.0
1857,MIDI CC 7|44,0.0
1858,MIDI CC 7|45,0.0
1859,MIDI CC 7|46,0.0
1860,MIDI CC 7|47,0.0
1861,MIDI CC 7|48,0.0
1862,MIDI CC 7|49,0.0
1863,MIDI CC 7|50,0.0
1864,MIDI CC 7|51,0.0
1865,MIDI CC 7|52,0.0
1866,MIDI CC 7|53,0.0
1867,MIDI CC 7|54,0.0
1868,MIDI CC 7|55,0.0
1869,MIDI CC 7|56,0.0
1870,MIDI CC 7|57,0.0
1871,MIDI CC 7|58,0.0
1872,MIDI CC 7|59,0.0
1873,MIDI CC 7|60,0.0
1874,MIDI CC 7|61,0.0
1875,MIDI CC 7|62,0.0
1876,MIDI CC 7|63,0.0
1877,MIDI CC 7|64,0.0
1878,MIDI CC 7|65,0.0
1879,MIDI CC 7|66,0.0
1880,MIDI CC 7|67,0.0
1881,MIDI CC 7|68,0.0
1882,MIDI CC 7|69,0.0
1883,MIDI CC 7|70,0.0
1884,MIDI CC 7|71,0.0
1885,MIDI CC 7|72,0.0
1886,MIDI CC 7|73,0.0
1887,MIDI CC 7|74,0.0
1888,MIDI CC 7|75,0.0
1889,MIDI CC 7|76,0.0
1890,MIDI CC 7|77,0.0
1891,MIDI CC 7|78,0.0
1892,MIDI CC 7|79,0.0
1893,MIDI CC 7|80,0.0
1894,MIDI CC 7|81,0.0
1895,MIDI CC 7|82,0.0
1896,MIDI CC 7|83,0.0
1897,MIDI CC 7|84,0.0
1898,MIDI CC 7|85,0.0
1899,MIDI CC 7|86,0.0
1900,MIDI CC 7|87,0.0
1901,MIDI CC 7|88,0.0
1902,MIDI CC 7|89,0.0
1903,MIDI CC 7|90,0.0
1904,MIDI CC 7|91,0.0
1905,MIDI CC 7|92,0.0
1906,MIDI CC 7|93,0.0
1907,MIDI CC 7|94,0.0
1908,MIDI CC 7|95,0.0
1909,MIDI CC 7|96,0.0
1910,MIDI CC 7|97,0.0
1911,MIDI CC 7|98,0.0
1912,MIDI CC 7|99,0.0
1913,MIDI CC 7|100,0.0
1914,MIDI CC 7|101,0.0
1915,MIDI CC 7|102,0.0
1916,MIDI CC 7|103,0.0
1917,MIDI CC 7|104,0.0
1918,MIDI CC 7|105,0.0
1919,MIDI CC 7|106,0.0
1920,MIDI CC 7|107,0.0
1921,MIDI CC 7|108,0.0
1922,MIDI CC 7|109,0.0
1923,MIDI CC 7|110,0.0
1924,MIDI CC 7|111,0.0
1925,MIDI CC 7|112,0.0
1926,MIDI CC 7|113,0.0
1927,MIDI CC 7|114,0.0
1928,MIDI CC 7|115,0.0
1929,MIDI CC 7|116,0.0
1930,MIDI CC 7|117,0.0
1931,MIDI CC 7|118,0.0
1932,MIDI CC 7|119,0.0
1933,MIDI CC 7|120,0.0
1934,MIDI CC 7|121,0.0
1935,MIDI CC 7|122,0.0
1936,MIDI CC 7|123,0.0
1937,MIDI CC 7|124,0.0
1938,MIDI CC 7|125,0.0
1939,MIDI CC 7|126,0.0
1940,MIDI CC 7|127,0.0
1941,MIDI CC 7|128,0.0
1942,MIDI CC 7|129,0.0
1943,MIDI CC 8|0,0.0
1944,MIDI CC 8|1,0.0
1945,MIDI CC 8|2,0.0
1946,MIDI CC 8|3,0.0
1947,MIDI CC 8|4,0.0
1948,MIDI CC 8|5,0.0
1949,MIDI CC 8|6,0.0
1950,MIDI CC 8|7,0.0
1951,MIDI CC 8|8,0.0
1952,MIDI CC 8|9,0.0
1953,MIDI CC 8|10,0.0
1954,MIDI CC 8|11,0.0
1955,MIDI CC 8|12,0.0
1956,MIDI CC 8|13,0.0
1957,MIDI CC 8|14,0.0
1958,MIDI CC 8|15,0.0
1959,MIDI CC 8|16,0.0
1960,MIDI CC 8|17,0.0
1961,MIDI CC 8|18,0.0
1962,MIDI CC 8|19,0.0
1963,MIDI CC 8|20,0.0
1964,MIDI CC 8|21,0.0
1965,MIDI CC 8|22,0.0
1966,MIDI CC 8|23,0.0
1967,MIDI CC 8|24,0.0
1968,MIDI CC 8|25,0.0
1969,MIDI CC 8|26,0.0
1970,MIDI CC 8|27,0.0
1971,MIDI CC 8|28,0.0
1972,MIDI CC 8|29,0.0
1973,MIDI CC 8|30,0.0
1974,MIDI CC 8|31,0.0
1975,MIDI CC 8|32,0.0
1976,MIDI CC 8|33,0.0
1977,MIDI CC 8|34,0.0
1978,MIDI CC 8|35,0.0
1979,MIDI CC 8|36,0.0
1980,MIDI CC 8|37,0.0
1981,MIDI CC 8|38,0.0
1982,MIDI CC 8|39,0.0
1983,MIDI CC 8|40,0.0
1984,MIDI CC 8|41,0.0
1985,MIDI CC 8|42,0.0
1986,MIDI CC 8|43,0.0
1987,MIDI CC 8|44,0.0
1988,MIDI CC 8|45,0.0
1989,MIDI CC 8|46,0.0
1990,MIDI CC 8|47,0.0
1991,MIDI CC 8|48,0.0
1992,MIDI CC 8|49,0.0
1993,MIDI CC 8|50,0.0
1994,MIDI CC 8|51,0.0
1995,MIDI CC 8|52,0.0
1996,MIDI CC 8|53,0.0
1997,MIDI CC 8|54,0.0
1998,MIDI CC 8|55,0.0
1999,MIDI CC 8|56,0.0
2000,MIDI CC 8|57,0.0
2001,MIDI CC 8|58,0.0
2002,MIDI CC 8|59,0.0
2003,MIDI CC 8|60,0.0
2004,MIDI CC 8|61,0.0
2005,MIDI CC 8|62,0.0
2006,MIDI CC 8|63,0.0
2007,MIDI CC 8|64,0.0
2008,MIDI CC 8|65,0.0
2009,MIDI CC 8|66,0.0
2010,MIDI CC 8|67,0.0
2011,MIDI CC 8|68,0.0
2012,MIDI CC 8|69,0.0
2013,MIDI CC 8|70,0.0
2014,MIDI CC 8|71,0.0
2015,MIDI CC 8|72,0.0
2016,MIDI CC 8|73,0.0
2017,MIDI CC 8|74,0.0
2018,MIDI CC 8|75,0.0
2019,MIDI CC 8|76,0.0
2020,MIDI CC 8|77,0.0
2021,MIDI CC 8|78,0.0
2022,MIDI CC 8|79,0.0
2023,MIDI CC 8|80,0.0
2024,MIDI CC 8|81,0.0
2025,MIDI CC 8|82,0.0
2026,MIDI CC 8|83,0.0
2027,MIDI CC 8|84,0.0
2028,MIDI CC 8|85,0.0
2029,MIDI CC 8|86,0.0
2030,MIDI CC 8|87,0.0
2031,MIDI CC 8|88,0.0
2032,MIDI CC 8|89,0.0
2033,MIDI CC 8|90,0.0
2034,MIDI CC 8|91,0.0
2035,MIDI CC 8|92,0.0
2036,MIDI CC 8|93,0.0
2037,MIDI CC 8|94,0.0
2038,MIDI CC 8|95,0.0
2039,MIDI CC 8|96,0.0
2040,MIDI CC 8|97,0.0
2041,MIDI CC 8|98,0.0
2042,MIDI CC 8|99,0.0
2043,MIDI CC 8|100,0.0
2044,MIDI CC 8|101,0.0
2045,MIDI CC 8|102,0.0
2046,MIDI CC 8|103,0.0
2047,MIDI CC 8|104,0.0
2048,MIDI CC 8|105,0.0
2049,MIDI CC 8|106,0.0
2050,MIDI CC 8|107,0.0
2051,MIDI CC 8|108,0.0
2052,MIDI CC 8|109,0.0
2053,MIDI CC 8|110,0.0
2054,MIDI CC 8|111,0.0
2055,MIDI CC 8|112,0.0
2056,MIDI CC 8|113,0.0
2057,MIDI CC 8|114,0.0
2058,MIDI CC 8|115,0.0
2059,MIDI CC 8|116,0.0
2060,MIDI CC 8|117,0.0
2061,MIDI CC 8|118,0.0
2062,MIDI CC 8|119,0.0
2063,MIDI CC 8|120,0.0
2064,MIDI CC 8|121,0.0
2065,MIDI CC 8|122,0.0
2066,MIDI CC 8|123,0.0
2067,MIDI CC 8|124,0.0
2068,MIDI CC 8|125,0.0
2069,MIDI CC 8|126,0.0
2070,MIDI CC 8|127,0.0
2071,MIDI CC 8|128,0.0
2072,MIDI CC 8|129,0.0
2073,MIDI CC 9|0,0.0
2074,MIDI CC 9|1,0.0
2075,MIDI CC 9|2,0.0
2076,MIDI CC 9|3,0.0
2077,MIDI CC 9|4,0.0
2078,MIDI CC 9|5,0.0
2079,MIDI CC 9|6,0.0
2080,MIDI CC 9|7,0.0
2081,MIDI CC 9|8,0.0
2082,MIDI CC 9|9,0.0
2083,MIDI CC 9|10,0.0
2084,MIDI CC 9|11,0.0
2085,MIDI CC 9|12,0.0
2086,MIDI CC 9|13,0.0
2087,MIDI CC 9|14,0.0
2088,MIDI CC 9|15,0.0
2089,MIDI CC 9|16,0.0
2090,MIDI CC 9|17,0.0
2091,MIDI CC 9|18,0.0
2092,MIDI CC 9|19,0.0
2093,MIDI CC 9|20,0.0
2094,MIDI CC 9|21,0.0
2095,MIDI CC 9|22,0.0
2096,MIDI CC 9|23,0.0
2097,MIDI CC 9|24,0.0
2098,MIDI CC 9|25,0.0
2099,MIDI CC 9|26,0.0
2100,MIDI CC 9|27,0.0
2101,MIDI CC 9|28,0.0
2102,MIDI CC 9|29,0.0
2103,MIDI CC 9|30,0.0
2104,MIDI CC 9|31,0.0
2105,MIDI CC 9|32,0.0
2106,MIDI CC 9|33,0.0
2107,MIDI CC 9|34,0.0
2108,MIDI CC 9|35,0.0
2109,MIDI CC 9|36,0.0
2110,MIDI CC 9|37,0.0
2111,MIDI CC 9|38,0.0
2112,MIDI CC 9|39,0.0
2113,MIDI CC 9|40,0.0
2114,MIDI CC 9|41,0.0
2115,MIDI CC 9|42,0.0
2116,MIDI CC 9|43,0.0
2117,MIDI CC 9|44,0.0
2118,MIDI CC 9|45,0.0
2119,MIDI CC 9|46,0.0
2120,MIDI CC 9|47,0.0
2121,MIDI CC 9|48,0.0
2122,MIDI CC 9|49,0.0
2123,MIDI CC 9|50,0.0
2124,MIDI CC 9|51,0.0
2125,MIDI CC 9|52,0.0
2126,MIDI CC 9|53,0.0
2127,MIDI CC 9|54,0.0
2128,MIDI CC 9|55,0.0
2129,MIDI CC 9|56,0.0
2130,MIDI CC 9|57,0.0
2131,MIDI CC 9|58,0.0
2132,MIDI CC 9|59,0.0
2133,MIDI CC 9|60,0.0
2134,MIDI CC 9|61,0.0
2135,MIDI CC 9|62,0.0
2136,MIDI CC 9|63,0.0
2137,MIDI CC 9|64,0.0
2138,MIDI CC 9|65,0.0
2139,MIDI CC 9|66,0.0
2140,MIDI CC 9|67,0.0
2141,MIDI CC 9|68,0.0
2142,MIDI CC 9|69,0.0
2143,MIDI CC 9|70,0.0
2144,MIDI CC 9|71,0.0
2145,MIDI CC 9|72,0.0
2146,MIDI CC 9|73,0.0
2147,MIDI CC 9|74,0.0
2148,MIDI CC 9|75,0.0
2149,MIDI CC 9|76,0.0
2150,MIDI CC 9|77,0.0
2151,MIDI CC 9|78,0.0
2152,MIDI CC 9|79,0.0
2153,MIDI CC 9|80,0.0
2154,MIDI CC 9|81,0.0
2155,MIDI CC 9|82,0.0
2156,MIDI CC 9|83,0.0
2157,MIDI CC 9|84,0.0
2158,MIDI CC 9|85,0.0
2159,MIDI CC 9|86,0.0
2160,MIDI CC 9|87,0.0
2161,MIDI CC 9|88,0.0
2162,MIDI CC 9|89,0.0
2163,MIDI CC 9|90,0.0
2164,MIDI CC 9|91,0.0
2165,MIDI CC 9|92,0.0
2166,MIDI CC 9|93,0.0
2167,MIDI CC 9|94,0.0
2168,MIDI CC 9|95,0.0
2169,MIDI CC 9|96,0.0
2170,MIDI CC 9|97,0.0
2171,MIDI CC 9|98,0.0
2172,MIDI CC 9|99,0.0
2173,MIDI CC 9|100,0.0
2174,MIDI CC 9|101,0.0
2175,MIDI CC 9|102,0.0
2176,MIDI CC 9|103,0.0
2177,MIDI CC 9|104,0.0
2178,MIDI CC 9|105,0.0
2179,MIDI CC 9|106,0.0
2180,MIDI CC 9|107,0.0
2181,MIDI CC 9|108,0.0
2182,MIDI CC 9|109,0.0
2183,MIDI CC 9|110,0.0
2184,MIDI CC 9|111,0.0
2185,MIDI CC 9|112,0.0
2186,MIDI CC 9|113,0.0
2187,MIDI CC 9|114,0.0
2188,MIDI CC 9|115,0.0
2189,MIDI CC 9|116,0.0
2190,MIDI CC 9|117,0.0
2191,MIDI CC 9|118,0.0
2192,MIDI CC 9|119,0.0
2193,MIDI CC 9|120,0.0
2194,MIDI CC 9|121,0.0
2195,MIDI CC 9|122,0.0
2196,MIDI CC 9|123,0.0
2197,MIDI CC 9|124,0.0
2198,MIDI CC 9|125,0.0
2199,MIDI CC 9|126,0.0
2200,MIDI CC 9|127,0.0
2201,MIDI CC 9|128,0.0
2202,MIDI CC 9|129,0.0
2203,MIDI CC 10|0,0.0
2204,MIDI CC 10|1,0.0
2205,MIDI CC 10|2,0.0
2206,MIDI CC 10|3,0.0
2207,MIDI CC 10|4,0.0
2208,MIDI CC 10|5,0.0
2209,MIDI CC 10|6,0.0
2210,MIDI CC 10|7,0.0
2211,MIDI CC 10|8,0.0
2212,MIDI CC 10|9,0.0
2213,MIDI CC 10|10,0.0
2214,MIDI CC 10|11,0.0
2215,MIDI CC 10|12,0.0
2216,MIDI CC 10|13,0.0
2217,MIDI CC 10|14,0.0
2218,MIDI CC 10|15,0.0
2219,MIDI CC 10|16,0.0
2220,MIDI CC 10|17,0.0
2221,MIDI CC 10|18,0.0
2222,MIDI CC 10|19,0.0
2223,MIDI CC 10|20,0.0
2224,MIDI CC 10|21,0.0
2225,MIDI CC 10|22,0.0
2226,MIDI CC 10|23,0.0
2227,MIDI CC 10|24,0.0
2228,MIDI CC 10|25,0.0
2229,MIDI CC 10|26,0.0
2230,MIDI CC 10|27,0.0
2231,MIDI CC 10|28,0.0
2232,MIDI CC 10|29,0.0
2233,MIDI CC 10|30,0.0
2234,MIDI CC 10|31,0.0
2235,MIDI CC 10|32,0.0
2236,MIDI CC 10|33,0.0
2237,MIDI CC 10|34,0.0
2238,MIDI CC 10|35,0.0
2239,MIDI CC 10|36,0.0
2240,MIDI CC 10|37,0.0
2241,MIDI CC 10|38,0.0
2242,MIDI CC 10|39,0.0
2243,MIDI CC 10|40,0.0
2244,MIDI CC 10|41,0.0
2245,MIDI CC 10|42,0.0
2246,MIDI CC 10|43,0.0
2247,MIDI CC 10|44,0.0
2248,MIDI CC 10|45,0.0
2249,MIDI CC 10|46,0.0
2250,MIDI CC 10|47,0.0
2251,MIDI CC 10|48,0.0
2252,MIDI CC 10|49,0.0
2253,MIDI CC 10|50,0.0
2254,MIDI CC 10|51,0.0
2255,MIDI CC 10|52,0.0
2256,MIDI CC 10|53,0.0
2257,MIDI CC 10|54,0.0
2258,MIDI CC 10|55,0.0
2259,MIDI CC 10|56,0.0
2260,MIDI CC 10|57,0.0
2261,MIDI CC 10|58,0.0
2262,MIDI CC 10|59,0.0
2263,MIDI CC 10|60,0.0
2264,MIDI CC 10|61,0.0
2265,MIDI CC 10|62,0.0
2266,MIDI CC 10|63,0.0
2267,MIDI CC 10|64,0.0
2268,MIDI CC 10|65,0.0
2269,MIDI CC 10|66,0.0
2270,MIDI CC 10|67,0.0
2271,MIDI CC 10|68,0.0
2272,MIDI CC 10|69,0.0
2273,MIDI CC 10|70,0.0
2274,MIDI CC 10|71,0.0
2275,MIDI CC 10|72,0.0
2276,MIDI CC 10|73,0.0
2277,MIDI CC 10|74,0.0
2278,MIDI CC 10|75,0.0
2279,MIDI CC 10|76,0.0
2280,MIDI CC 10|77,0.0
2281,MIDI CC 10|78,0.0
2282,MIDI CC 10|79,0.0
2283,MIDI CC 10|80,0.0
2284,MIDI CC 10|81,0.0
2285,MIDI CC 10|82,0.0
2286,MIDI CC 10|83,0.0
2287,MIDI CC 10|84,0.0
2288,MIDI CC 10|85,0.0
2289,MIDI CC 10|86,0.0
2290,MIDI CC 10|87,0.0
2291,MIDI CC 10|88,0.0
2292,MIDI CC 10|89,0.0
2293,MIDI CC 10|90,0.0
2294,MIDI CC 10|91,0.0
2295,MIDI CC 10|92,0.0
2296,MIDI CC 10|93,0.0
2297,MIDI CC 10|94,0.0
2298,MIDI CC 10|95,0.0
2299,MIDI CC 10|96,0.0
2300,MIDI CC 10|97,0.0
2301,MIDI CC 10|98,0.0
2302,MIDI CC 10|99,0.0
2303,MIDI CC 10|100,0.0
2304,MIDI CC 10|101,0.0
2305,MIDI CC 10|102,0.0
2306,MIDI CC 10|103,0.0
2307,MIDI CC 10|104,0.0
2308,MIDI CC 10|105,0.0
2309,MIDI CC 10|106,0.0
2310,MIDI CC 10|107,0.0
2311,MIDI CC 10|108,0.0
2312,MIDI CC 10|109,0.0
2313,MIDI CC 10|110,0.0
2314,MIDI CC 10|111,0.0
2315,MIDI CC 10|112,0.0
2316,MIDI CC 10|113,0.0
2317,MIDI CC 10|114,0.0
2318,MIDI CC 10|115,0.0
2319,MIDI CC 10|116,0.0
2320,MIDI CC 10|117,0.0
2321,MIDI CC 10|118,0.0
2322,MIDI CC 10|119,0.0
2323,MIDI CC 10|120,0.0
2324,MIDI CC 10|121,0.0
2325,MIDI CC 10|122,0.0
2326,MIDI CC 10|123,0.0
2327,MIDI CC 10|124,0.0
2328,MIDI CC 10|125,0.0
2329,MIDI CC 10|126,0.0
2330,MIDI CC 10|127,0.0
2331,MIDI CC 10|128,0.0
2332,MIDI CC 10|129,0.0
2333,MIDI CC 11|0,0.0
2334,MIDI CC 11|1,0.0
2335,MIDI CC 11|2,0.0
2336,MIDI CC 11|3,0.0
2337,MIDI CC 11|4,0.0
2338,MIDI CC 11|5,0.0
2339,MIDI CC 11|6,0.0
2340,MIDI CC 11|7,0.0
2341,MIDI CC 11|8,0.0
2342,MIDI CC 11|9,0.0
2343,MIDI CC 11|10,0.0
2344,MIDI CC 11|11,0.0
2345,MIDI CC 11|12,0.0
2346,MIDI CC 11|13,0.0
2347,MIDI CC 11|14,0.0
2348,MIDI CC 11|15,0.0
2349,MIDI CC 11|16,0.0
2350,MIDI CC 11|17,0.0
2351,MIDI CC 11|18,0.0
2352,MIDI CC 11|19,0.0
2353,MIDI CC 11|20,0.0
2354,MIDI CC 11|21,0.0
2355,MIDI CC 11|22,0.0
2356,MIDI CC 11|23,0.0
2357,MIDI CC 11|24,0.0
2358,MIDI CC 11|25,0.0
2359,MIDI CC 11|26,0.0
2360,MIDI CC 11|27,0.0
2361,MIDI CC 11|28,0.0
2362,MIDI CC 11|29,0.0
2363,MIDI CC 11|30,0.0
2364,MIDI CC 11|31,0.0
2365,MIDI CC 11|32,0.0
2366,MIDI CC 11|33,0.0
2367,MIDI CC 11|34,0.0
2368,MIDI CC 11|35,0.0
2369,MIDI CC 11|36,0.0
2370,MIDI CC 11|37,0.0
2371,MIDI CC 11|38,0.0
2372,MIDI CC 11|39,0.0
2373,MIDI CC 11|40,0.0
2374,MIDI CC 11|41,0.0
2375,MIDI CC 11|42,0.0
2376,MIDI CC 11|43,0.0
2377,MIDI CC 11|44,0.0
2378,MIDI CC 11|45,0.0
2379,MIDI CC 11|46,0.0
2380,MIDI CC 11|47,0.0
2381,MIDI CC 11|48,0.0
2382,MIDI CC 11|49,0.0
2383,MIDI CC 11|50,0.0
2384,MIDI CC 11|51,0.0
2385,MIDI CC 11|52,0.0
2386,MIDI CC 11|53,0.0
2387,MIDI CC 11|54,0.0
2388,MIDI CC 11|55,0.0
2389,MIDI CC 11|56,0.0
2390,MIDI CC 11|57,0.0
2391,MIDI CC 11|58,0.0
2392,MIDI CC 11|59,0.0
2393,MIDI CC 11|60,0.0
2394,MIDI CC 11|61,0.0
2395,MIDI CC 11|62,0.0
2396,MIDI CC 11|63,0.0
2397,MIDI CC 11|64,0.0
2398,MIDI CC 11|65,0.0
2399,MIDI CC 11|66,0.0
2400,MIDI CC 11|67,0.0
2401,MIDI CC 11|68,0.0
2402,MIDI CC 11|69,0.0
2403,MIDI CC 11|70,0.0
2404,MIDI CC 11|71,0.0
2405,MIDI CC 11|72,0.0
2406,MIDI CC 11|73,0.0
2407,MIDI CC 11|74,0.0
2408,MIDI CC 11|75,0.0
2409,MIDI CC 11|76,0.0
2410,MIDI CC 11|77,0.0
2411,MIDI CC 11|78,0.0
2412,MIDI CC 11|79,0.0
2413,MIDI CC 11|80,0.0
2414,MIDI CC 11|81,0.0
2415,MIDI CC 11|82,0.0
2416,MIDI CC 11|83,0.0
2417,MIDI CC 11|84,0.0
2418,MIDI CC 11|85,0.0
2419,MIDI CC 11|86,0.0
2420,MIDI CC 11|87,0.0
2421,MIDI CC 11|88,0.0
2422,MIDI CC 11|89,0.0
2423,MIDI CC 11|90,0.0
2424,MIDI CC 11|91,0.0
2425,MIDI CC 11|92,0.0
2426,MIDI CC 11|93,0.0
2427,MIDI CC 11|94,0.0
2428,MIDI CC 11|95,0.0
2429,MIDI CC 11|96,0.0
2430,MIDI CC 11|97,0.0
2431,MIDI CC 11|98,0.0
2432,MIDI CC 11|99,0.0
2433,MIDI CC 11|100,0.0
2434,MIDI CC 11|101,0.0
2435,MIDI CC 11|102,0.0
2436,MIDI CC 11|103,0.0
2437,MIDI CC 11|104,0.0
2438,MIDI CC 11|105,0.0
2439,MIDI CC 11|106,0.0
2440,MIDI CC 11|107,0.0
2441,MIDI CC 11|108,0.0
2442,MIDI CC 11|109,0.0
2443,MIDI CC 11|110,0.0
2444,MIDI CC 11|111,0.0
2445,MIDI CC 11|112,0.0
2446,MIDI CC 11|113,0.0
2447,MIDI CC 11|114,0.0
2448,MIDI CC 11|115,0.0
2449,MIDI CC 11|116,0.0
2450,MIDI CC 11|117,0.0
2451,MIDI CC 11|118,0.0
2452,MIDI CC 11|119,0.0
2453,MIDI CC 11|120,0.0
2454,MIDI CC 11|121,0.0
2455,MIDI CC 11|122,0.0
2456,MIDI CC 11|123,0.0
2457,MIDI CC 11|124,0.0
2458,MIDI CC 11|125,0.0
2459,MIDI CC 11|126,0.0
2460,MIDI CC 11|127,0.0
2461,MIDI CC 11|128,0.0
2462,MIDI CC 11|129,0.0
2463,MIDI CC 12|0,0.0
2464,MIDI CC 12|1,0.0
2465,MIDI CC 12|2,0.0
2466,MIDI CC 12|3,0.0
2467,MIDI CC 12|4,0.0
2468,MIDI CC 12|5,0.0
2469,MIDI CC 12|6,0.0
2470,MIDI CC 12|7,0.0
2471,MIDI CC 12|8,0.0
2472,MIDI CC 12|9,0.0
2473,MIDI CC 12|10,0.0
2474,MIDI CC 12|11,0.0
2475,MIDI CC 12|12,0.0
2476,MIDI CC 12|13,0.0
2477,MIDI CC 12|14,0.0
2478,MIDI CC 12|15,0.0
2479,MIDI CC 12|16,0.0
2480,MIDI CC 12|17,0.0
2481,MIDI CC 12|18,0.0
2482,MIDI CC 12|19,0.0
2483,MIDI CC 12|20,0.0
2484,MIDI CC 12|21,0.0
2485,MIDI CC 12|22,0.0
2486,MIDI CC 12|23,0.0
2487,MIDI CC 12|24,0.0
2488,MIDI CC 12|25,0.0
2489,MIDI CC 12|26,0.0
2490,MIDI CC 12|27,0.0
2491,MIDI CC 12|28,0.0
2492,MIDI CC 12|29,0.0
2493,MIDI CC 12|30,0.0
2494,MIDI CC 12|31,0.0
2495,MIDI CC 12|32,0.0
2496,MIDI CC 12|33,0.0
2497,MIDI CC 12|34,0.0
2498,MIDI CC 12|35,0.0
2499,MIDI CC 12|36,0.0
2500,MIDI CC 12|37,0.0
2501,MIDI CC 12|38,0.0
2502,MIDI CC 12|39,0.0
2503,MIDI CC 12|40,0.0
2504,MIDI CC 12|41,0.0
2505,MIDI CC 12|42,0.0
2506,MIDI CC 12|43,0.0
2507,MIDI CC 12|44,0.0
2508,MIDI CC 12|45,0.0
2509,MIDI CC 12|46,0.0
2510,MIDI CC 12|47,0.0
2511,MIDI CC 12|48,0.0
2512,MIDI CC 12|49,0.0
2513,MIDI CC 12|50,0.0
2514,MIDI CC 12|51,0.0
2515,MIDI CC 12|52,0.0
2516,MIDI CC 12|53,0.0
2517,MIDI CC 12|54,0.0
2518,MIDI CC 12|55,0.0
2519,MIDI CC 12|56,0.0
2520,MIDI CC 12|57,0.0
2521,MIDI CC 12|58,0.0
2522,MIDI CC 12|59,0.0
2523,MIDI CC 12|60,0.0
2524,MIDI CC 12|61,0.0
2525,MIDI CC 12|62,0.0
2526,MIDI CC 12|63,0.0
2527,MIDI CC 12|64,0.0
2528,MIDI CC 12|65,0.0
2529,MIDI CC 12|66,0.0
2530,MIDI CC 12|67,0.0
2531,MIDI CC 12|68,0.0
2532,MIDI CC 12|69,0.0
2533,MIDI CC 12|70,0.0
2534,MIDI CC 12|71,0.0
2535,MIDI CC 12|72,0.0
2536,MIDI CC 12|73,0.0
2537,MIDI CC 12|74,0.0
2538,MIDI CC 12|75,0.0
2539,MIDI CC 12|76,0.0
2540,MIDI CC 12|77,0.0
2541,MIDI CC 12|78,0.0
2542,MIDI CC 12|79,0.0
2543,MIDI CC 12|80,0.0
2544,MIDI CC 12|81,0.0
2545,MIDI CC 12|82,0.0
2546,MIDI CC 12|83,0.0
2547,MIDI CC 12|84,0.0
2548,MIDI CC 12|85,0.0
2549,MIDI CC 12|86,0.0
2550,MIDI CC 12|87,0.0
2551,MIDI CC 12|88,0.0
2552,MIDI CC 12|89,0.0
2553,MIDI CC 12|90,0.0
2554,MIDI CC 12|91,0.0
2555,MIDI CC 12|92,0.0
2556,MIDI CC 12|93,0.0
2557,MIDI CC 12|94,0.0
2558,MIDI CC 12|95,0.0
2559,MIDI CC 12|96,0.0
2560,MIDI CC 12|97,0.0
2561,MIDI CC 12|98,0.0
2562,MIDI CC 12|99,0.0
2563,MIDI CC 12|100,0.0
2564,MIDI CC 12|101,0.0
2565,MIDI CC 12|102,0.0
2566,MIDI CC 12|103,0.0
2567,MIDI CC 12|104,0.0
2568,MIDI CC 12|105,0.0
2569,MIDI CC 12|106,0.0
2570,MIDI CC 12|107,0.0
2571,MIDI CC 12|108,0.0
2572,MIDI CC 12|109,0.0
2573,MIDI CC 12|110,0.0
2574,MIDI CC 12|111,0.0
2575,MIDI CC 12|112,0.0
2576,MIDI CC 12|113,0.0
2577,MIDI CC 12|114,0.0
2578,MIDI CC 12|115,0.0
2579,MIDI CC 12|116,0.0
2580,MIDI CC 12|117,0.0
2581,MIDI CC 12|118,0.0
2582,MIDI CC 12|119,0.0
2583,MIDI CC 12|120,0.0
2584,MIDI CC 12|121,0.0
2585,MIDI CC 12|122,0.0
2586,MIDI CC 12|123,0.0
2587,MIDI CC 12|124,0.0
2588,MIDI CC 12|125,0.0
2589,MIDI CC 12|126,0.0
2590,MIDI CC 12|127,0.0
2591,MIDI CC 12|128,0.0
2592,MIDI CC 12|129,0.0
2593,MIDI CC 13|0,0.0
2594,MIDI CC 13|1,0.0
2595,MIDI CC 13|2,0.0
2596,MIDI CC 13|3,0.0
2597,MIDI CC 13|4,0.0
2598,MIDI CC 13|5,0.0
2599,MIDI CC 13|6,0.0
2600,MIDI CC 13|7,0.0
2601,MIDI CC 13|8,0.0
2602,MIDI CC 13|9,0.0
2603,MIDI CC 13|10,0.0
2604,MIDI CC 13|11,0.0
2605,MIDI CC 13|12,0.0
2606,MIDI CC 13|13,0.0
2607,MIDI CC 13|14,0.0
2608,MIDI CC 13|15,0.0
2609,MIDI CC 13|16,0.0
2610,MIDI CC 13|17,0.0
2611,MIDI CC 13|18,0.0
2612,MIDI CC 13|19,0.0
2613,MIDI CC 13|20,0.0
2614,MIDI CC 13|21,0.0
2615,MIDI CC 13|22,0.0
2616,MIDI CC 13|23,0.0
2617,MIDI CC 13|24,0.0
2618,MIDI CC 13|25,0.0
2619,MIDI CC 13|26,0.0
2620,MIDI CC 13|27,0.0
2621,MIDI CC 13|28,0.0
2622,MIDI CC 13|29,0.0
2623,MIDI CC 13|30,0.0
2624,MIDI CC 13|31,0.0
2625,MIDI CC 13|32,0.0
2626,MIDI CC 13|33,0.0
2627,MIDI CC 13|34,0.0
2628,MIDI CC 13|35,0.0
2629,MIDI CC 13|36,0.0
2630,MIDI CC 13|37,0.0
2631,MIDI CC 13|38,0.0
2632,MIDI CC 13|39,0.0
2633,MIDI CC 13|40,0.0
2634,MIDI CC 13|41,0.0
2635,MIDI CC 13|42,0.0
2636,MIDI CC 13|43,0.0
2637,MIDI CC 13|44,0.0
2638,MIDI CC 13|45,0.0
2639,MIDI CC 13|46,0.0
2640,MIDI CC 13|47,0.0
2641,MIDI CC 13|48,0.0
2642,MIDI CC 13|49,0.0
2643,MIDI CC 13|50,0.0
2644,MIDI CC 13|51,0.0
2645,MIDI CC 13|52,0.0
2646,MIDI CC 13|53,0.0
2647,MIDI CC 13|54,0.0
2648,MIDI CC 13|55,0.0
2649,MIDI CC 13|56,0.0
2650,MIDI CC 13|57,0.0
2651,MIDI CC 13|58,0.0
2652,MIDI CC 13|59,0.0
2653,MIDI CC 13|60,0.0
2654,MIDI CC 13|61,0.0
2655,MIDI CC 13|62,0.0
2656,MIDI CC 13|63,0.0
2657,MIDI CC 13|64,0.0
2658,MIDI CC 13|65,0.0
2659,MIDI CC 13|66,0.0
2660,MIDI CC 13|67,0.0
2661,MIDI CC 13|68,0.0
2662,MIDI CC 13|69,0.0
2663,MIDI CC 13|70,0.0
2664,MIDI CC 13|71,0.0
2665,MIDI CC 13|72,0.0
2666,MIDI CC 13|73,0.0
2667,MIDI CC 13|74,0.0
2668,MIDI CC 13|75,0.0
2669,MIDI CC 13|76,0.0
2670,MIDI CC 13|77,0.0
2671,MIDI CC 13|78,0.0
2672,MIDI CC 13|79,0.0
2673,MIDI CC 13|80,0.0
2674,MIDI CC 13|81,0.0
2675,MIDI CC 13|82,0.0
2676,MIDI CC 13|83,0.0
2677,MIDI CC 13|84,0.0
2678,MIDI CC 13|85,0.0
2679,MIDI CC 13|86,0.0
2680,MIDI CC 13|87,0.0
2681,MIDI CC 13|88,0.0
2682,MIDI CC 13|89,0.0
2683,MIDI CC 13|90,0.0
2684,MIDI CC 13|91,0.0
2685,MIDI CC 13|92,0.0
2686,MIDI CC 13|93,0.0
2687,MIDI CC 13|94,0.0
2688,MIDI CC 13|95,0.0
2689,MIDI CC 13|96,0.0
2690,MIDI CC 13|97,0.0
2691,MIDI CC 13|98,0.0
2692,MIDI CC 13|99,0.0
2693,MIDI CC 13|100,0.0
2694,MIDI CC 13|101,0.0
2695,MIDI CC 13|102,0.0
2696,MIDI CC 13|103,0.0
2697,MIDI CC 13|104,0.0
2698,MIDI CC 13|105,0.0
2699,MIDI CC 13|106,0.0
2700,MIDI CC 13|107,0.0
2701,MIDI CC 13|108,0.0
2702,MIDI CC 13|109,0.0
2703,MIDI CC 13|110,0.0
2704,MIDI CC 13|111,0.0
2705,MIDI CC 13|112,0.0
2706,MIDI CC 13|113,0.0
2707,MIDI CC 13|114,0.0
2708,MIDI CC 13|115,0.0
2709,MIDI CC 13|116,0.0
2710,MIDI CC 13|117,0.0
2711,MIDI CC 13|118,0.0
2712,MIDI CC 13|119,0.0
2713,MIDI CC 13|120,0.0
2714,MIDI CC 13|121,0.0
2715,MIDI CC 13|122,0.0
2716,MIDI CC 13|123,0.0
2717,MIDI CC 13|124,0.0
2718,MIDI CC 13|125,0.0
2719,MIDI CC 13|126,0.0
2720,MIDI CC 13|127,0.0
2721,MIDI CC 13|128,0.0
2722,MIDI CC 13|129,0.0
2723,MIDI CC 14|0,0.0
2724,MIDI CC 14|1,0.0
2725,MIDI CC 14|2,0.0
2726,MIDI CC 14|3,0.0
2727,MIDI CC 14|4,0.0
2728,MIDI CC 14|5,0.0
2729,MIDI CC 14|6,0.0
2730,MIDI CC 14|7,0.0
2731,MIDI CC 14|8,0.0
2732,MIDI CC 14|9,0.0
2733,MIDI CC 14|10,0.0
2734,MIDI CC 14|11,0.0
2735,MIDI CC 14|12,0.0
2736,MIDI CC 14|13,0.0
2737,MIDI CC 14|14,0.0
2738,MIDI CC 14|15,0.0
2739,MIDI CC 14|16,0.0
2740,MIDI CC 14|17,0.0
2741,MIDI CC 14|18,0.0
2742,MIDI CC 14|19,0.0
2743,MIDI CC 14|20,0.0
2744,MIDI CC 14|21,0.0
2745,MIDI CC 14|22,0.0
2746,MIDI CC 14|23,0.0
2747,MIDI CC 14|24,0.0
2748,MIDI CC 14|25,0.0
2749,MIDI CC 14|26,0.0
2750,MIDI CC 14|27,0.0
2751,MIDI CC 14|28,0.0
2752,MIDI CC 14|29,0.0
2753,MIDI CC 14|30,0.0
2754,MIDI CC 14|31,0.0
2755,MIDI CC 14|32,0.0
2756,MIDI CC 14|33,0.0
2757,MIDI CC 14|34,0.0
2758,MIDI CC 14|35,0.0
2759,MIDI CC 14|36,0.0
2760,MIDI CC 14|37,0.0
2761,MIDI CC 14|38,0.0
2762,MIDI CC 14|39,0.0
2763,MIDI CC 14|40,0.0
2764,MIDI CC 14|41,0.0
2765,MIDI CC 14|42,0.0
2766,MIDI CC 14|43,0.0
2767,MIDI CC 14|44,0.0
2768,MIDI CC 14|45,0.0
2769,MIDI CC 14|46,0.0
2770,MIDI CC 14|47,0.0
2771,MIDI CC 14|48,0.0
2772,MIDI CC 14|49,0.0
2773,MIDI CC 14|50,0.0
2774,MIDI CC 14|51,0.0
2775,MIDI CC 14|52,0.0
2776,MIDI CC 14|53,0.0
2777,MIDI CC 14|54,0.0
2778,MIDI CC 14|55,0.0
2779,MIDI CC 14|56,0.0
2780,MIDI CC 14|57,0.0
2781,MIDI CC 14|58,0.0
2782,MIDI CC 14|59,0.0
2783,MIDI CC 14|60,0.0
2784,MIDI CC 14|61,0.0
2785,MIDI CC 14|62,0.0
2786,MIDI CC 14|63,0.0
2787,MIDI CC 14|64,0.0
2788,MIDI CC 14|65,0.0
2789,MIDI CC 14|66,0.0
2790,MIDI CC 14|67,0.0
2791,MIDI CC 14|68,0.0
2792,MIDI CC 14|69,0.0
2793,MIDI CC 14|70,0.0
2794,MIDI CC 14|71,0.0
2795,MIDI CC 14|72,0.0
2796,MIDI CC 14|73,0.0
2797,MIDI CC 14|74,0.0
2798,MIDI CC 14|75,0.0
2799,MIDI CC 14|76,0.0
2800,MIDI CC 14|77,0.0
2801,MIDI CC 14|78,0.0
2802,MIDI CC 14|79,0.0
2803,MIDI CC 14|80,0.0
2804,MIDI CC 14|81,0.0
2805,MIDI CC 14|82,0.0
2806,MIDI CC 14|83,0.0
2807,MIDI CC 14|84,0.0
2808,MIDI CC 14|85,0.0
2809,MIDI CC 14|86,0.0
2810,MIDI CC 14|87,0.0
2811,MIDI CC 14|88,0.0
2812,MIDI CC 14|89,0.0
2813,MIDI CC 14|90,0.0
2814,MIDI CC 14|91,0.0
2815,MIDI CC 14|92,0.0
2816,MIDI CC 14|93,0.0
2817,MIDI CC 14|94,0.0
2818,MIDI CC 14|95,0.0
2819,MIDI CC 14|96,0.0
2820,MIDI CC 14|97,0.0
2821,MIDI CC 14|98,0.0
2822,MIDI CC 14|99,0.0
2823,MIDI CC 14|100,0.0
2824,MIDI CC 14|101,0.0
2825,MIDI CC 14|102,0.0
2826,MIDI CC 14|103,0.0
2827,MIDI CC 14|104,0.0
2828,MIDI CC 14|105,0.0
2829,MIDI CC 14|106,0.0
2830,MIDI CC 14|107,0.0
2831,MIDI CC 14|108,0.0
2832,MIDI CC 14|109,0.0
2833,MIDI CC 14|110,0.0
2834,MIDI CC 14|111,0.0
2835,MIDI CC 14|112,0.0
2836,MIDI CC 14|113,0.0
2837,MIDI CC 14|114,0.0
2838,MIDI CC 14|115,0.0
2839,MIDI CC 14|116,0.0
2840,MIDI CC 14|117,0.0
2841,MIDI CC 14|118,0.0
2842,MIDI CC 14|119,0.0
2843,MIDI CC 14|120,0.0
2844,MIDI CC 14|121,0.0
2845,MIDI CC 14|122,0.0
2846,MIDI CC 14|123,0.0
2847,MIDI CC 14|124,0.0
2848,MIDI CC 14|125,0.0
2849,MIDI CC 14|126,0.0
2850,MIDI CC 14|127,0.0
2851,MIDI CC 14|128,0.0
2852,MIDI CC 14|129,0.0
2853,MIDI CC 15|0,0.0
2854,MIDI CC 15|1,0.0
2855,MIDI CC 15|2,0.0
2856,MIDI CC 15|3,0.0
2857,MIDI CC 15|4,0.0
2858,MIDI CC 15|5,0.0
2859,MIDI CC 15|6,0.0
2860,MIDI CC 15|7,0.0
2861,MIDI CC 15|8,0.0
2862,MIDI CC 15|9,0.0
2863,MIDI CC 15|10,0.0
2864,MIDI CC 15|11,0.0
2865,MIDI CC 15|12,0.0
2866,MIDI CC 15|13,0.0
2867,MIDI CC 15|14,0.0
2868,MIDI CC 15|15,0.0
2869,MIDI CC 15|16,0.0
2870,MIDI CC 15|17,0.0
2871,MIDI CC 15|18,0.0
2872,MIDI CC 15|19,0.0
2873,MIDI CC 15|20,0.0
2874,MIDI CC 15|21,0.0
2875,MIDI CC 15|22,0.0
2876,MIDI CC 15|23,0.0
2877,MIDI CC 15|24,0.0
2878,MIDI CC 15|25,0.0
2879,MIDI CC 15|26,0.0
2880,MIDI CC 15|27,0.0
2881,MIDI CC 15|28,0.0
2882,MIDI CC 15|29,0.0
2883,MIDI CC 15|30,0.0
2884,MIDI CC 15|31,0.0
2885,MIDI CC 15|32,0.0
2886,MIDI CC 15|33,0.0
2887,MIDI CC 15|34,0.0
2888,MIDI CC 15|35,0.0
2889,MIDI CC 15|36,0.0
2890,MIDI CC 15|37,0.0
2891,MIDI CC 15|38,0.0
2892,MIDI CC 15|39,0.0
2893,MIDI CC 15|40,0.0
2894,MIDI CC 15|41,0.0
2895,MIDI CC 15|42,0.0
2896,MIDI CC 15|43,0.0
2897,MIDI CC 15|44,0.0
2898,MIDI CC 15|45,0.0
2899,MIDI CC 15|46,0.0
2900,MIDI CC 15|47,0.0
2901,MIDI CC 15|48,0.0
2902,MIDI CC 15|49,0.0
2903,MIDI CC 15|50,0.0
2904,MIDI CC 15|51,0.0
2905,MIDI CC 15|52,0.0
2906,MIDI CC 15|53,0.0
2907,MIDI CC 15|54,0.0
2908,MIDI CC 15|55,0.0
2909,MIDI CC 15|56,0.0
2910,MIDI CC 15|57,0.0
2911,MIDI CC 15|58,0.0
2912,MIDI CC 15|59,0.0
2913,MIDI CC 15|60,0.0
2914,MIDI CC 15|61,0.0
2915,MIDI CC 15|62,0.0
2916,MIDI CC 15|63,0.0
2917,MIDI CC 15|64,0.0
2918,MIDI CC 15|65,0.0
2919,MIDI CC 15|66,0.0
2920,MIDI CC 15|67,0.0
2921,MIDI CC 15|68,0.0
2922,MIDI CC 15|69,0.0
2923,MIDI CC 15|70,0.0
2924,MIDI CC 15|71,0.0
2925,MIDI CC 15|72,0.0
2926,MIDI CC 15|73,0.0
2927,MIDI CC 15|74,0.0
2928,MIDI CC 15|75,0.0
2929,MIDI CC 15|76,0.0
2930,MIDI CC 15|77,0.0
2931,MIDI CC 15|78,0.0
2932,MIDI CC 15|79,0.0
2933,MIDI CC 15|80,0.0
2934,MIDI CC 15|81,0.0
2935,MIDI CC 15|82,0.0
2936,MIDI CC 15|83,0.0
2937,MIDI CC 15|84,0.0
2938,MIDI CC 15|85,0.0
2939,MIDI CC 15|86,0.0
2940,MIDI CC 15|87,0.0
2941,MIDI CC 15|88,0.0
2942,MIDI CC 15|89,0.0
2943,MIDI CC 15|90,0.0
2944,MIDI CC 15|91,0.0
2945,MIDI CC 15|92,0.0
2946,MIDI CC 15|93,0.0
2947,MIDI CC 15|94,0.0
2948,MIDI CC 15|95,0.0
2949,MIDI CC 15|96,0.0
2950,MIDI CC 15|97,0.0
2951,MIDI CC 15|98,0.0
2952,MIDI CC 15|99,0.0
2953,MIDI CC 15|100,0.0
2954,MIDI CC 15|101,0.0
2955,MIDI CC 15|102,0.0
2956,MIDI CC 15|103,0.0
2957,MIDI CC 15|104,0.0
2958,MIDI CC 15|105,0.0
2959,MIDI CC 15|106,0.0
2960,MIDI CC 15|107,0.0
2961,MIDI CC 15|108,0.0
2962,MIDI CC 15|109,0.0
2963,MIDI CC 15|110,0.0
2964,MIDI CC 15|111,0.0
2965,MIDI CC 15|112,0.0
2966,MIDI CC 15|113,0.0
2967,MIDI CC 15|114,0.0
2968,MIDI CC 15|115,0.0
2969,MIDI CC 15|116,0.0
2970,MIDI CC 15|117,0.0
2971,MIDI CC 15|118,0.0
2972,MIDI CC 15|119,0.0
2973,MIDI CC 15|120,0.0
2974,MIDI CC 15|121,0.0
2975,MIDI CC 15|122,0.0
2976,MIDI CC 15|123,0.0
2977,MIDI CC 15|124,0.0
2978,MIDI CC 15|125,0.0
2979,MIDI CC 15|126,0.0
2980,MIDI CC 15|127,0.0
2981,MIDI CC 15|128,0.0
2982,MIDI CC 15|129,0.0
